tamanho_mb,tamanho_bytes,iteracao,alloc_ms,write_ms,read_ms,free_ms
100,104857600,1,444.187333,11.890500,659.800750,19.852083
100,104857600,2,937.590125,26.622125,468.066417,16.743459
100,104857600,3,483.508750,20.265833,515.276000,9.181500
100,104857600,4,591.580208,24.508125,639.839250,18.854666
100,104857600,5,904.405166,186.894667,1570.199958,9.446042
100,104857600,6,909.879959,120.071208,885.919958,12.756083
100,104857600,7,910.669041,44.659291,510.752959,6.025625
100,104857600,8,624.353208,57.771792,555.208666,9.159125
100,104857600,9,615.412209,50.027458,590.442708,9.955334
100,104857600,10,1193.023500,40.632000,774.946917,5.884125
100,104857600,11,627.698625,29.233375,510.312625,6.271667
100,104857600,12,609.191500,45.952958,836.494708,15.437500
100,104857600,13,949.833292,22.590042,569.229208,11.773167
100,104857600,14,818.674000,110.063541,735.251250,8.836125
100,104857600,15,656.087417,36.766125,808.964000,7.426416
100,104857600,16,663.164959,27.368208,491.236250,10.091583
100,104857600,17,739.386834,31.857375,711.815708,8.150250
100,104857600,18,544.770250,42.234167,805.978459,5.327208
100,104857600,19,573.465750,48.748833,623.521458,5.243333
100,104857600,20,276.198792,8.696000,467.434625,6.845750
100,104857600,21,755.144459,24.834375,555.292834,6.101417
100,104857600,22,753.714709,23.139916,582.112958,8.983708
100,104857600,23,644.215625,33.164834,538.514167,7.569708
100,104857600,24,696.875416,37.259958,525.087125,7.088250
100,104857600,25,590.353416,18.970250,484.466208,11.912041
100,104857600,26,486.293333,17.547458,531.639959,7.117958
100,104857600,27,469.103792,66.807833,701.793625,11.343917
100,104857600,28,439.473917,21.279000,821.385417,14.919625
100,104857600,29,727.158292,42.218000,534.796125,7.371708
100,104857600,30,554.594459,18.455833,492.197917,8.050542
100,104857600,31,310.862500,8.841208,366.504250,5.181167
100,104857600,32,240.065083,9.138750,337.974917,4.425209
100,104857600,33,433.809833,14.151500,401.106750,4.792708
100,104857600,34,585.203209,32.512375,456.905167,8.851459
100,104857600,35,195.333500,6.385750,378.977291,7.063083
100,104857600,36,182.167209,12.974959,323.034083,10.086791
100,104857600,37,358.988250,12.471875,405.077209,4.952542
100,104857600,38,646.530958,30.053916,512.297834,10.485000
100,104857600,39,269.249584,7.664625,415.389417,7.560417
100,104857600,40,249.425042,8.874167,444.669084,5.511167
100,104857600,41,333.471875,5.963000,372.510542,5.338583
100,104857600,42,255.077625,8.769625,292.767166,4.707583
100,104857600,43,90.874750,5.027334,258.335500,5.428292
100,104857600,44,69.563791,4.679334,246.497000,3.161708
100,104857600,45,233.904292,10.835417,342.874166,9.187750
100,104857600,46,464.653917,59.523291,531.795459,11.091292
100,104857600,47,304.588541,13.664084,436.065916,4.427375
100,104857600,48,175.805583,11.286625,458.051583,4.453375
100,104857600,49,205.409084,9.604458,312.640834,3.792125
100,104857600,50,104.927416,5.068750,460.047417,6.083042
100,104857600,51,118.788250,8.934541,292.712833,5.957709
100,104857600,52,82.052833,4.870792,258.440208,5.496875
100,104857600,53,65.132458,17.519958,322.113875,6.071542
100,104857600,54,78.548458,6.330250,302.246042,3.921875
100,104857600,55,112.864417,5.726958,454.450666,8.791208
100,104857600,56,197.919208,11.594416,399.594292,8.294667
100,104857600,57,102.584000,6.736541,325.471667,4.460542
100,104857600,58,110.321417,5.052292,267.823792,5.397500
100,104857600,59,71.818250,5.775625,261.072709,4.082125
100,104857600,60,110.776667,10.560708,292.725333,6.574416
100,104857600,61,89.293334,5.425750,343.310917,7.174167
100,104857600,62,177.268875,15.325875,385.767042,11.814042
100,104857600,63,109.673459,10.314875,367.163750,6.814667
100,104857600,64,174.782625,8.752000,384.095291,4.296250
100,104857600,65,84.982625,5.609750,285.342667,5.900542
100,104857600,66,66.515709,5.157875,271.491250,6.186584
100,104857600,67,72.895833,5.234542,287.178167,5.111666
100,104857600,68,95.081792,5.234625,372.741417,6.765542
100,104857600,69,105.883208,6.256875,356.396541,9.717000
100,104857600,70,181.848958,7.413375,503.153958,12.544500
100,104857600,71,434.309417,36.747125,720.837958,6.216000
100,104857600,72,368.059791,19.717125,534.372958,11.656792
100,104857600,73,569.080125,72.274375,605.499834,6.601333
100,104857600,74,373.250000,28.013916,352.910083,4.312791
100,104857600,75,213.304208,24.526625,369.460916,8.812417
100,104857600,76,434.015042,26.891250,354.342666,4.541541
100,104857600,77,183.754625,19.222333,338.977042,4.310834
100,104857600,78,89.764000,8.225417,294.345917,3.905208
100,104857600,79,334.670666,19.143167,344.528250,4.130041
100,104857600,80,211.117875,11.094792,378.413458,4.908500
100,104857600,81,228.824292,8.108542,463.108917,5.844666
100,104857600,82,251.777209,13.440708,582.765375,10.757792
100,104857600,83,232.266333,10.558625,519.476250,7.241625
100,104857600,84,225.358208,14.613375,512.150292,6.885125
100,104857600,85,183.070875,10.671291,488.254459,5.614958
100,104857600,86,166.699917,14.747333,488.494875,6.247375
100,104857600,87,152.091792,9.540125,555.501875,9.462333
100,104857600,88,337.420708,39.709042,595.425750,7.478334
100,104857600,89,344.670791,18.562042,862.102959,34.199000
100,104857600,90,547.969375,40.278666,579.605416,5.651208
100,104857600,91,250.927959,26.482000,456.967292,5.355250
100,104857600,92,182.321875,20.071750,374.009417,9.498041
100,104857600,93,278.950000,14.551333,402.294584,8.435250
100,104857600,94,226.106708,9.348875,462.156208,6.526834
100,104857600,95,452.716250,13.351000,504.549167,11.010917
100,104857600,96,261.463875,12.368875,573.074500,7.857000
100,104857600,97,313.133833,9.232875,560.742750,7.769917
100,104857600,98,271.777958,11.607125,437.708833,6.837167
100,104857600,99,110.692167,7.377667,479.757583,8.801291
100,104857600,100,347.846916,14.661542,465.240125,11.220250
200,209715200,1,928.159875,20.772041,1250.832500,20.358750
200,209715200,2,908.998750,34.858833,1120.871917,13.737750
200,209715200,3,621.053083,30.263417,759.005917,12.894166
200,209715200,4,342.125625,15.423334,751.442334,14.227666
200,209715200,5,268.009625,14.067958,747.350667,8.940916
200,209715200,6,142.943000,9.339250,503.617625,12.099708
200,209715200,7,119.856250,9.486583,449.613917,7.988500
200,209715200,8,114.071334,9.962416,454.165083,11.714000
200,209715200,9,145.489291,12.051291,470.623917,9.385083
200,209715200,10,117.430583,8.450916,555.499750,14.029333
200,209715200,11,189.185000,13.096459,975.945541,21.571459
200,209715200,12,315.536625,27.130208,806.824792,19.558542
200,209715200,13,190.435958,19.111708,915.761584,22.196958
200,209715200,14,235.733834,15.017250,923.692542,129.489417
200,209715200,15,1004.474500,25.573667,1155.979834,41.950875
200,209715200,16,198.199917,18.941375,1607.843375,29.618666
200,209715200,17,817.339208,226.930708,1436.371750,19.037459
200,209715200,18,732.407291,35.359500,1027.039000,10.454708
200,209715200,19,533.948209,45.027959,1495.921167,29.976416
200,209715200,20,547.409625,20.785750,829.430417,11.642375
200,209715200,21,252.434709,21.315875,839.065167,23.400083
200,209715200,22,249.229458,17.210125,814.657334,12.508333
200,209715200,23,291.793417,57.974625,1036.941959,20.761958
200,209715200,24,610.305541,23.290666,956.968708,21.141833
200,209715200,25,493.542959,30.517167,949.529666,12.700208
200,209715200,26,447.087250,37.567000,859.460209,19.638959
200,209715200,27,445.667166,18.314291,819.177708,12.915667
200,209715200,28,548.391500,96.542917,971.886583,9.940625
200,209715200,29,346.226458,20.047291,617.729208,11.822375
200,209715200,30,209.855459,10.989833,601.278209,13.968500
200,209715200,31,229.244916,13.861375,631.337541,12.055458
200,209715200,32,203.180042,15.728541,681.225666,9.756167
200,209715200,33,339.696334,26.419667,951.135042,8.475583
200,209715200,34,322.001250,16.934083,719.023583,8.686750
200,209715200,35,282.307750,23.347000,838.233334,13.960042
200,209715200,36,323.763916,14.837333,694.438708,13.107542
200,209715200,37,318.943458,19.975667,804.523083,20.274625
200,209715200,38,321.503416,22.789334,785.599542,13.771709
200,209715200,39,491.773708,34.393750,938.578375,9.900500
200,209715200,40,416.077542,26.413458,745.862666,8.653042
200,209715200,41,193.199042,17.139709,506.559042,6.205167
200,209715200,42,120.442667,9.528375,471.606625,5.936750
200,209715200,43,120.488667,11.158875,443.602917,11.370500
200,209715200,44,112.486917,8.650417,455.945458,6.734542
200,209715200,45,136.294375,10.304833,648.596083,10.213792
200,209715200,46,371.742459,75.316917,761.703000,18.900208
200,209715200,47,183.489708,13.591500,697.245167,15.663917
200,209715200,48,184.183667,11.355583,612.442791,7.012833
200,209715200,49,158.033583,17.569208,592.962167,13.516959
200,209715200,50,188.269667,13.191208,616.161125,13.399334
200,209715200,51,130.661584,9.877792,488.654709,11.841375
200,209715200,52,114.169958,8.207750,456.700916,5.730375
200,209715200,53,127.807000,12.967334,448.140709,5.959542
200,209715200,54,110.306375,7.833958,502.778750,7.617833
200,209715200,55,186.356709,15.084791,699.609292,10.448250
200,209715200,56,192.321667,13.667834,629.158208,6.895166
200,209715200,57,189.911458,39.968625,503.007750,12.053000
200,209715200,58,127.652292,9.311583,455.112792,6.013208
200,209715200,59,112.748834,8.548292,440.883667,6.406583
200,209715200,60,117.689834,8.888333,439.531666,11.729959
200,209715200,61,114.466625,8.427333,457.096500,6.013459
200,209715200,62,198.279500,13.127833,688.986417,9.910584
200,209715200,63,196.400333,15.007083,763.900209,19.062209
200,209715200,64,183.956833,15.046125,774.797500,14.824750
200,209715200,65,185.642584,15.256542,712.873417,14.246708
200,209715200,66,177.815500,11.107250,568.942500,12.993417
200,209715200,67,119.916166,9.187792,465.365958,12.049833
200,209715200,68,108.284041,7.760208,442.238625,11.174167
200,209715200,69,122.040083,9.246958,789.334709,8.472959
200,209715200,70,182.309833,13.510291,768.368959,10.483584
200,209715200,71,257.456958,23.277000,924.398583,17.335458
200,209715200,72,183.051708,13.361208,756.284959,17.514750
200,209715200,73,388.071833,26.680250,767.336083,10.694875
200,209715200,74,167.526375,10.373125,501.415875,12.291084
200,209715200,75,115.743625,10.823583,442.804250,11.309291
200,209715200,76,108.545333,7.804291,441.210458,11.147083
200,209715200,77,108.848084,8.440667,441.497625,11.516208
200,209715200,78,106.567000,7.807375,444.738333,5.892208
200,209715200,79,157.207666,34.332334,507.901459,17.039375
200,209715200,80,148.343000,14.544291,620.768792,15.096792
200,209715200,81,184.421750,16.698792,612.074167,12.114667
200,209715200,82,132.290250,9.301166,484.125958,11.689666
200,209715200,83,113.449500,8.545792,439.698917,5.836292
200,209715200,84,124.882666,7.924666,437.855208,11.073584
200,209715200,85,107.445458,8.484625,449.005375,5.813000
200,209715200,86,122.213042,8.771167,489.019625,8.691500
200,209715200,87,113.906500,8.982916,504.988125,7.750583
200,209715200,88,163.833916,12.076000,680.169792,10.145500
200,209715200,89,204.962666,12.765625,544.767500,13.143625
200,209715200,90,126.678791,8.664959,453.880541,11.805500
200,209715200,91,114.477292,8.821458,442.673917,11.390292
200,209715200,92,106.533208,7.914416,436.910208,7.045042
200,209715200,93,106.241042,8.810209,436.978583,5.854292
200,209715200,94,108.553542,8.866250,463.589375,9.073875
200,209715200,95,168.040083,12.111792,644.349958,8.505583
200,209715200,96,168.885833,12.007125,705.556250,17.197167
200,209715200,97,168.203500,12.283959,655.288084,14.989834
200,209715200,98,158.959875,10.905625,681.081250,15.114416
200,209715200,99,161.132958,12.838083,617.072583,13.056459
200,209715200,100,139.029750,12.245542,483.994417,6.188167
300,314572800,1,183.588084,12.594500,716.879709,11.332291
300,314572800,2,225.161833,19.511208,964.532083,24.340750
300,314572800,3,269.274167,19.748792,973.227042,18.708750
300,314572800,4,247.452083,19.369000,848.354750,9.592500
300,314572800,5,176.174625,12.618417,688.193250,9.409292
300,314572800,6,191.939667,14.484125,851.916834,14.055375
300,314572800,7,245.249417,18.270209,883.835916,10.525292
300,314572800,8,187.858750,13.766917,694.706458,9.002833
300,314572800,9,168.177167,11.941625,652.488250,8.861833
300,314572800,10,166.403792,16.337916,662.165750,8.968792
300,314572800,11,170.420792,11.978792,754.639041,19.828459
300,314572800,12,237.181250,17.787458,911.932500,19.056291
300,314572800,13,191.530167,15.292750,683.769917,17.930459
300,314572800,14,164.066209,11.778708,652.520417,9.126500
300,314572800,15,165.962416,12.631625,651.897917,17.803583
300,314572800,16,163.499625,11.962166,666.991541,41.199041
300,314572800,17,205.822583,14.966625,925.157291,16.108084
300,314572800,18,242.370041,16.406750,732.169167,9.471416
300,314572800,19,204.962584,15.494125,831.422834,11.088667
300,314572800,20,233.145542,17.478958,997.688375,21.776042
300,314572800,21,251.709417,18.597708,882.856917,18.421792
300,314572800,22,173.326833,12.820917,659.101584,17.870833
300,314572800,23,162.631625,11.918542,643.957250,17.440166
300,314572800,24,159.821291,12.261875,702.818834,18.539958
300,314572800,25,248.288959,16.500416,941.833833,18.314625
300,314572800,26,194.296375,13.881459,712.984333,18.142542
300,314572800,27,166.077833,11.780458,678.144125,12.123416
300,314572800,28,227.071458,20.004125,910.346084,22.492125
300,314572800,29,213.899833,19.867584,1014.364542,26.375458
300,314572800,30,353.392917,42.714167,1118.163875,23.740750
300,314572800,31,279.027875,21.618583,1154.755625,12.739958
300,314572800,32,321.159167,39.234291,1219.858750,12.439208
300,314572800,33,325.331500,41.634041,834.597792,9.488083
300,314572800,34,178.688875,12.766541,897.167334,12.615333
300,314572800,35,295.559500,21.413292,1043.319834,26.720667
300,314572800,36,283.300542,31.878542,1927.701917,21.311958
300,314572800,37,359.934167,45.150875,808.511291,12.644917
300,314572800,38,186.722333,13.677541,688.620167,9.477166
300,314572800,39,176.794666,14.702500,665.523125,8.989083
300,314572800,40,170.740167,12.812458,1121.869625,46.021417
300,314572800,41,617.034500,31.296000,1171.647000,21.703333
300,314572800,42,205.034209,20.884833,717.102958,17.074292
300,314572800,43,181.616958,16.009667,761.611209,9.798458
300,314572800,44,216.292125,20.335375,695.697917,9.107792
300,314572800,45,175.576416,12.499333,683.761542,19.474209
300,314572800,46,162.987958,12.332459,681.946458,9.559667
300,314572800,47,173.765083,12.040959,807.518208,20.442500
300,314572800,48,233.620958,22.340125,1099.738750,19.713208
300,314572800,49,294.981625,36.050125,990.410584,18.412583
300,314572800,50,318.885917,43.775292,790.153792,18.478500
300,314572800,51,188.713458,26.726000,849.393833,22.569833
300,314572800,52,237.780834,17.300125,812.907792,17.576916
300,314572800,53,196.231416,22.690875,690.468542,9.047625
300,314572800,54,167.498709,11.774000,677.524291,8.974459
300,314572800,55,170.072958,12.337084,669.436417,9.149250
300,314572800,56,183.332167,11.914375,812.211417,14.339541
300,314572800,57,285.043917,34.943291,1032.608708,24.372834
300,314572800,58,254.734375,16.612833,765.035875,18.795875
300,314572800,59,179.199833,12.586125,875.795833,22.866167
300,314572800,60,240.795750,18.308875,821.528417,19.919750
300,314572800,61,190.594209,14.500292,840.777750,22.111875
300,314572800,62,255.797417,19.829916,895.189792,9.924625
300,314572800,63,197.909500,14.519959,849.724625,11.869708
300,314572800,64,260.796166,24.284291,877.474250,9.784834
300,314572800,65,187.647500,14.087333,679.718250,17.619917
300,314572800,66,166.687083,18.392584,885.287250,23.051792
300,314572800,67,278.657083,21.697666,1038.753834,12.321667
300,314572800,68,257.075042,17.638708,1010.145125,14.282792
300,314572800,69,300.685541,22.652250,934.665583,10.960750
300,314572800,70,198.818417,19.481458,715.082125,19.495917
300,314572800,71,232.514875,14.608917,722.584166,9.899333
300,314572800,72,191.279167,15.094583,743.912125,9.562917
300,314572800,73,211.085333,15.017417,754.695000,9.373416
300,314572800,74,179.914458,12.467000,870.504791,12.555917
300,314572800,75,281.535458,23.749458,933.098875,10.680166
300,314572800,76,200.840000,13.511959,823.267792,17.685916
300,314572800,77,256.210625,18.250500,930.553292,11.250750
300,314572800,78,195.641333,13.532083,681.159000,17.811791
300,314572800,79,163.337291,11.767125,637.722375,13.091250
300,314572800,80,160.494292,12.308542,636.494417,8.721750
300,314572800,81,161.428500,11.772958,643.733500,10.600250
300,314572800,82,168.130708,12.346709,659.971875,17.252917
300,314572800,83,164.542708,11.933958,671.659708,16.118542
300,314572800,84,167.726000,13.251708,671.709000,13.943416
300,314572800,85,165.423541,11.926500,677.688708,9.078500
300,314572800,86,162.852625,12.405542,675.943250,8.860083
300,314572800,87,163.857708,11.840750,675.502083,8.705667
300,314572800,88,167.850958,12.314667,667.341334,12.745291
300,314572800,89,170.337167,12.925416,679.795416,8.702583
300,314572800,90,165.933667,13.551959,674.906500,9.040792
300,314572800,91,168.434666,11.869417,674.379583,15.697667
300,314572800,92,165.959333,12.377375,675.894250,9.036917
300,314572800,93,170.839708,11.801208,656.826708,18.052875
300,314572800,94,164.790791,12.327958,662.622333,18.945167
300,314572800,95,163.450417,11.757917,668.435041,18.073292
300,314572800,96,168.038667,12.554625,671.410708,18.533875
300,314572800,97,161.026958,11.796167,674.918250,18.623209
300,314572800,98,160.800583,12.306833,683.540166,9.007625
300,314572800,99,167.768209,12.072500,677.893708,17.755833
300,314572800,100,161.829958,12.314334,666.558709,17.903208
400,419430400,1,241.058666,16.548916,900.494500,11.984042
400,419430400,2,216.503125,16.182292,879.055584,21.618625
400,419430400,3,218.351667,16.336416,887.637791,22.090208
400,419430400,4,216.701041,16.371583,887.562167,11.937208
400,419430400,5,221.495958,16.222208,886.486167,24.172791
400,419430400,6,226.308583,19.170042,917.428125,12.076000
400,419430400,7,216.074958,16.231083,890.905791,24.213750
400,419430400,8,217.246500,16.254084,880.252791,21.386000
400,419430400,9,216.390959,16.536708,883.784375,24.446209
400,419430400,10,216.748334,16.233542,887.359500,23.910333
400,419430400,11,222.532292,16.290583,892.876166,24.014917
400,419430400,12,216.429834,16.289500,901.433084,24.480666
400,419430400,13,219.511334,16.374000,965.339709,25.087625
400,419430400,14,227.585000,20.653500,892.059667,24.235625
400,419430400,15,221.115250,16.484667,883.840208,23.315375
400,419430400,16,218.182041,18.995167,908.829208,23.755667
400,419430400,17,217.949917,18.430792,883.950291,12.197041
400,419430400,18,254.796334,20.510917,878.453292,24.199167
400,419430400,19,217.771584,16.304500,882.637208,11.609167
400,419430400,20,218.529834,16.255541,893.801292,24.175250
400,419430400,21,225.659083,18.342250,894.035583,14.753500
400,419430400,22,224.713291,16.418625,882.654666,11.973167
400,419430400,23,217.598208,16.185250,885.644125,12.002125
400,419430400,24,222.914500,16.241541,886.126417,11.716541
400,419430400,25,220.242250,16.629083,885.950750,23.745500
400,419430400,26,215.360083,15.943833,892.267834,19.874708
400,419430400,27,215.344250,16.559834,888.436791,23.199500
400,419430400,28,214.177667,16.291791,888.452666,23.915334
400,419430400,29,216.680875,16.324500,893.583167,16.113375
400,419430400,30,219.159625,16.473583,1012.538542,22.249750
400,419430400,31,265.033166,20.030542,928.474791,12.176833
400,419430400,32,224.751958,16.349125,872.993000,22.728000
400,419430400,33,215.715125,16.870875,871.901166,23.372541
400,419430400,34,216.311750,15.690500,880.646875,11.682500
400,419430400,35,213.901459,17.466000,878.562958,23.797834
400,419430400,36,223.419459,17.406417,891.868708,12.155333
400,419430400,37,220.264125,17.651917,880.107000,23.058416
400,419430400,38,221.692000,18.126625,875.408125,11.540417
400,419430400,39,217.381917,16.451417,873.915500,23.340584
400,419430400,40,217.811250,16.350542,873.693875,11.718209
400,419430400,41,222.775333,16.531541,876.250042,18.735417
400,419430400,42,218.477167,16.620875,983.904875,16.911333
400,419430400,43,457.168584,23.651959,999.572875,12.012916
400,419430400,44,237.863250,17.148792,883.734042,11.857041
400,419430400,45,232.743583,16.528000,880.077625,12.566250
400,419430400,46,281.469542,21.968250,896.795750,12.326250
400,419430400,47,222.496417,16.956125,889.470666,24.486000
400,419430400,48,213.509334,16.231667,861.499875,23.974667
400,419430400,49,212.223000,16.214708,889.687458,11.995125
400,419430400,50,220.828500,18.281166,872.806959,23.614417
400,419430400,51,228.195000,16.955667,895.672750,12.125458
400,419430400,52,225.003500,16.245875,889.003959,23.683000
400,419430400,53,218.455125,16.285416,885.464291,11.523708
400,419430400,54,222.393917,17.016541,890.622500,23.845083
400,419430400,55,221.062084,18.103750,903.512125,18.490417
400,419430400,56,243.888042,43.010666,1223.678916,27.118666
400,419430400,57,265.515083,19.582208,973.040167,23.900542
400,419430400,58,254.446208,128.295375,1071.949334,12.840750
400,419430400,59,241.637250,18.776708,1019.510375,22.646416
400,419430400,60,246.505792,17.140375,1250.893792,31.059917
400,419430400,61,400.971083,26.657708,1395.785625,28.723041
400,419430400,62,1298.250000,102.963125,2645.170625,55.569959
400,419430400,63,2885.025625,251.043583,2884.069000,38.760167
400,419430400,64,2486.814583,224.592917,1579.675917,29.272542
400,419430400,65,1413.316000,83.164292,1594.971583,38.583250
400,419430400,66,1064.405792,37.839709,2100.539125,29.849541
400,419430400,67,1906.829333,79.462000,1814.992459,34.368875
400,419430400,68,1669.983042,79.307041,1568.341125,35.514666
400,419430400,69,918.080792,50.888000,1519.691750,33.708250
400,419430400,70,1091.608250,29.275708,1407.089958,31.532167
400,419430400,71,880.768167,46.749167,1712.654292,19.936584
400,419430400,72,802.981708,35.372125,1405.225375,31.144292
400,419430400,73,713.440667,39.508000,1459.055833,46.718167
400,419430400,74,1795.794291,323.462000,2262.567500,48.032333
400,419430400,75,1425.847750,152.302041,2282.326875,31.189625
400,419430400,76,778.314958,83.055583,3287.877166,38.591500
400,419430400,77,1123.015209,399.820417,1905.646833,21.687625
400,419430400,78,557.505833,64.872750,1226.928208,13.440166
400,419430400,79,287.608292,22.921834,911.897875,21.993750
400,419430400,80,233.953792,17.538167,899.046542,14.200875
400,419430400,81,240.315500,17.751541,940.085416,13.569333
400,419430400,82,259.576875,18.540167,995.136167,29.093291
400,419430400,83,397.005292,20.164708,997.216833,23.951083
400,419430400,84,334.166500,21.139125,1307.716458,22.660708
400,419430400,85,394.443125,20.667000,1147.024125,15.121625
400,419430400,86,367.202167,20.756250,1197.462666,28.985708
400,419430400,87,761.360333,53.733500,1410.246208,22.207500
400,419430400,88,1057.065333,27.435500,1440.785625,28.852084
400,419430400,89,1352.545125,39.522292,1015.823542,13.596708
400,419430400,90,243.821792,16.930667,915.093667,13.669125
400,419430400,91,243.582834,18.096667,935.201833,21.689042
400,419430400,92,242.955541,16.998166,922.855750,25.450083
400,419430400,93,226.662541,16.457833,931.973541,12.111125
400,419430400,94,239.296792,19.549292,919.240333,18.589917
400,419430400,95,224.361375,16.176417,1136.122125,13.097208
400,419430400,96,297.235000,26.997875,1083.219417,29.372125
400,419430400,97,293.806417,21.584500,924.788334,24.965292
400,419430400,98,224.425708,18.654250,914.772250,12.132042
400,419430400,99,217.171708,16.442000,879.880208,12.096708
400,419430400,100,222.222875,18.671000,907.278667,25.338125
500,524288000,1,298.347458,20.203125,1149.693417,31.451167
500,524288000,2,274.823500,20.326333,1231.735375,29.878666
500,524288000,3,320.357375,85.995875,1280.332375,35.576042
500,524288000,4,386.667500,30.079084,1279.932750,18.870208
500,524288000,5,368.069542,26.944042,1348.724666,19.027708
500,524288000,6,363.860458,26.439708,1206.874584,16.421417
500,524288000,7,293.489000,21.139917,1204.552541,34.094292
500,524288000,8,305.442625,35.888250,1248.930083,33.997375
500,524288000,9,314.181500,21.530666,1174.499500,32.847000
500,524288000,10,282.354292,20.257667,1270.198042,29.247292
500,524288000,11,397.123666,54.271500,1660.268167,37.592875
500,524288000,12,1003.219083,146.688709,2149.813000,23.971333
500,524288000,13,575.423084,37.699375,2134.027584,29.447458
500,524288000,14,678.995792,54.573292,1452.977792,19.069292
500,524288000,15,346.956875,31.258500,1257.575541,35.470500
500,524288000,16,344.838250,46.115958,1370.138000,19.031167
500,524288000,17,349.160541,24.009209,1171.724625,26.951709
500,524288000,18,314.037167,23.805042,1161.923666,29.323625
500,524288000,19,347.778042,37.424708,1414.201750,18.305416
500,524288000,20,352.815250,29.529166,1152.938250,28.359291
500,524288000,21,302.399417,21.178500,1308.880334,28.165125
500,524288000,22,375.117000,31.893542,1720.779583,26.277333
500,524288000,23,348.016875,24.689584,1680.325959,38.498041
500,524288000,24,481.660667,34.708000,1710.443000,37.981333
500,524288000,25,392.517541,25.347917,1366.421667,20.828750
500,524288000,26,430.097458,42.721042,1695.134250,42.326000
500,524288000,27,432.674125,34.283458,1697.394750,22.040875
500,524288000,28,410.788291,55.567250,1527.385500,17.603000
500,524288000,29,306.035625,21.040959,1098.470209,26.800375
500,524288000,30,338.034750,29.085375,1494.546959,33.799459
500,524288000,31,320.136166,23.301375,1589.095917,34.089750
500,524288000,32,462.806166,32.707000,1612.115959,37.244667
500,524288000,33,541.479375,42.925500,1633.646833,41.984750
500,524288000,34,412.671833,28.171916,2374.735500,42.623166
500,524288000,35,872.956167,222.197208,1932.963875,34.464667
500,524288000,36,461.448875,46.815000,1671.592041,21.287500
500,524288000,37,437.832083,33.880416,1758.863708,44.092541
500,524288000,38,431.271416,29.117125,1628.177250,39.208875
500,524288000,39,420.850209,28.540375,1640.325167,39.997125
500,524288000,40,435.809875,35.663500,1692.772125,40.630917
500,524288000,41,454.806542,28.690958,1702.020209,19.251209
500,524288000,42,407.744291,31.826875,1781.458667,22.211666
500,524288000,43,440.167083,29.969833,1615.812625,21.359750
500,524288000,44,466.242000,40.347333,1674.713417,43.061709
500,524288000,45,395.284250,29.027542,1682.802708,39.024875
500,524288000,46,476.626625,36.274792,1744.974417,25.761208
500,524288000,47,484.791792,52.135292,1693.920583,39.185375
500,524288000,48,379.490875,26.023375,1129.821125,14.845500
500,524288000,49,275.984125,21.652500,1098.223083,21.852334
500,524288000,50,457.865542,49.235000,1467.318917,32.027875
500,524288000,51,306.801750,21.454125,1424.947625,20.377666
500,524288000,52,354.966708,24.778250,1135.079000,30.361000
500,524288000,53,273.496458,22.360417,1357.634750,24.589959
500,524288000,54,1005.799375,495.078666,1941.430750,28.486584
500,524288000,55,476.373375,39.966834,1783.526666,40.481916
500,524288000,56,538.084000,55.074042,1877.298583,20.779708
500,524288000,57,499.385417,50.634875,1643.448042,35.544792
500,524288000,58,434.894541,32.278458,1352.012083,24.251333
500,524288000,59,405.370125,29.329500,1742.152167,20.120917
500,524288000,60,376.756708,28.522500,1342.238375,19.481084
500,524288000,61,427.344500,26.171042,1630.439917,18.507750
500,524288000,62,329.235000,20.844167,1093.011542,25.743166
500,524288000,63,272.660959,21.446209,1230.569416,35.249833
500,524288000,64,428.379083,34.447375,1386.495458,21.165416
500,524288000,65,357.712666,26.108750,1496.488583,26.677542
500,524288000,66,428.474667,28.634333,1362.751333,30.470125
500,524288000,67,276.455417,21.950375,1108.248792,15.269083
500,524288000,68,332.071084,26.162625,1712.413292,40.602417
500,524288000,69,457.509542,28.885167,1180.082833,29.991125
500,524288000,70,270.747167,19.700750,1294.080167,45.285666
500,524288000,71,460.449958,36.399750,1747.936208,21.423250
500,524288000,72,455.471042,45.377250,1326.666750,31.409292
500,524288000,73,272.704166,20.283000,1064.012125,30.148000
500,524288000,74,270.871584,61.955709,1585.994500,27.865084
500,524288000,75,1214.427875,42.635041,1838.190958,49.366458
500,524288000,76,1347.822166,32.259833,1974.980000,57.504292
500,524288000,77,644.616666,57.443875,1696.552208,18.712875
500,524288000,78,1824.957791,136.634833,3209.531542,47.764792
500,524288000,79,2432.535791,90.299959,3226.404792,40.260458
500,524288000,80,3776.242000,1621.210834,4647.238208,56.399375
500,524288000,81,3215.027292,1740.118500,2655.904292,24.624959
500,524288000,82,1810.713791,414.273542,3947.186833,30.804875
500,524288000,83,1234.503750,97.483625,1434.202583,17.982000
500,524288000,84,354.561250,22.056083,2144.195583,30.411709
500,524288000,85,2084.954500,38.977792,1928.642792,34.584625
500,524288000,86,787.876875,26.017042,1140.740959,15.103500
500,524288000,87,289.498375,21.083042,1119.318291,32.144584
500,524288000,88,714.322625,121.208875,1319.856208,33.852959
500,524288000,89,308.086209,21.628875,1198.057791,17.401709
500,524288000,90,366.343792,31.477542,1313.987375,23.716541
500,524288000,91,363.851708,24.217709,1251.198959,35.032625
500,524288000,92,303.064000,21.283167,1232.008250,31.581209
500,524288000,93,323.621708,21.756083,1220.870875,26.725292
500,524288000,94,296.525333,21.139791,1461.092000,49.923291
500,524288000,95,560.816292,66.114167,2548.369125,36.300459
500,524288000,96,489.910000,35.543875,1730.457125,27.676375
500,524288000,97,450.180125,60.475333,1779.644334,40.361250
500,524288000,98,475.116250,39.039958,1807.559625,46.837625
500,524288000,99,599.575542,32.632042,1832.941666,22.265083
500,524288000,100,511.285375,42.301083,1760.948750,25.238792
600,629145600,1,652.688917,101.603208,2130.610542,26.303292
600,629145600,2,503.167041,40.692791,2040.846459,54.474042
600,629145600,3,575.763084,43.580625,3176.930000,38.666792
600,629145600,4,803.724958,178.654917,2361.570333,36.367792
600,629145600,5,622.138792,64.288292,1993.155250,42.459000
600,629145600,6,479.083000,36.150792,2012.055542,52.584417
600,629145600,7,537.318500,41.399375,1811.611875,28.796250
600,629145600,8,436.779083,42.059792,2092.711625,48.447458
600,629145600,9,551.760208,36.207625,2352.602750,25.605750
600,629145600,10,633.000333,106.310667,1986.157792,18.948167
600,629145600,11,435.626375,58.702791,1723.662917,34.410417
600,629145600,12,343.962167,35.765333,1831.311667,49.363334
600,629145600,13,538.766333,39.715792,2102.466042,46.894417
600,629145600,14,540.921083,40.315750,1922.656958,50.491167
600,629145600,15,454.747333,27.844250,1653.402917,47.366333
600,629145600,16,480.782917,33.830000,1652.501667,47.737458
600,629145600,17,519.205958,37.493208,2588.981584,45.407292
600,629145600,18,751.001917,151.044333,2072.623000,28.564958
600,629145600,19,498.796583,69.071417,1321.951666,33.684584
600,629145600,20,351.425958,27.137291,1899.990875,51.625667
600,629145600,21,581.746333,51.786084,2148.382292,83.690208
600,629145600,22,527.169083,37.943375,2013.937625,32.795709
600,629145600,23,539.243625,43.713167,1954.684417,36.096834
600,629145600,24,577.458125,43.323125,2140.339792,50.478583
600,629145600,25,471.606917,28.881000,1665.895833,26.303584
600,629145600,26,510.497292,35.877958,2782.112334,23.612125
600,629145600,27,676.223541,242.010541,2047.235792,26.281542
600,629145600,28,599.317250,61.061667,1985.209666,22.873000
600,629145600,29,571.679958,56.996291,2013.072917,53.907625
600,629145600,30,502.797750,41.955708,2050.008791,51.680292
600,629145600,31,552.639375,36.995000,3487.784750,224.945750
600,629145600,32,1267.852208,383.620042,1638.717167,34.219917
600,629145600,33,343.775333,26.000917,1310.012209,19.555917
600,629145600,34,347.088750,30.191000,1412.961208,17.980750
600,629145600,35,348.587250,25.790708,1360.902250,33.289584
600,629145600,36,330.575167,28.477208,1357.855042,36.243416
600,629145600,37,332.031958,24.176208,1365.337667,33.669167
600,629145600,38,334.580833,28.835959,1380.790541,38.728375
600,629145600,39,332.997208,24.665208,1351.533209,36.478167
600,629145600,40,335.205000,24.422000,1383.686334,32.590209
600,629145600,41,416.870000,29.868417,1447.905958,19.036709
600,629145600,42,356.295292,26.235541,1977.102500,28.213000
600,629145600,43,457.409334,52.384041,1357.489000,37.031000
600,629145600,44,332.827833,24.613291,1351.063583,18.765042
600,629145600,45,381.750250,37.474458,1386.010166,18.498208
600,629145600,46,354.820041,25.768334,1388.999333,19.980708
600,629145600,47,462.203209,66.360458,1776.370375,44.436792
600,629145600,48,573.731875,38.212583,1494.101958,41.408791
600,629145600,49,359.977333,34.682667,1344.325375,36.738583
600,629145600,50,330.353250,27.725000,1350.502000,38.384083
600,629145600,51,349.809291,24.235875,1392.488375,19.804500
600,629145600,52,446.099291,30.214750,1652.381500,28.876958
600,629145600,53,530.822542,38.882875,1786.811708,34.512958
600,629145600,54,406.979833,33.490917,1446.132958,38.738833
600,629145600,55,394.204875,30.786000,1446.419459,36.445042
600,629145600,56,378.339417,27.642417,1835.987833,21.604792
600,629145600,57,367.922333,29.429333,1356.479291,36.689500
600,629145600,58,399.819500,33.131958,1463.149833,18.856500
600,629145600,59,345.552000,24.089459,1421.166583,35.363875
600,629145600,60,456.967041,34.616708,1429.968875,21.952500
600,629145600,61,361.197916,24.529625,1408.378375,37.223292
600,629145600,62,341.394084,34.796541,1361.401334,18.380958
600,629145600,63,353.930292,24.690875,1357.968833,38.528458
600,629145600,64,339.722500,24.736583,1370.794791,18.081833
600,629145600,65,330.696000,24.310167,1361.792750,37.056500
600,629145600,66,352.186459,28.468958,1522.791125,40.738542
600,629145600,67,391.472125,32.225000,1426.961208,37.262375
600,629145600,68,445.692416,52.750167,1617.942792,31.079833
600,629145600,69,371.111000,32.082584,1681.598334,31.175792
600,629145600,70,578.035833,56.568375,1840.633625,43.016833
600,629145600,71,511.008667,42.671542,1497.908833,24.416583
600,629145600,72,527.496042,38.022875,1539.580084,21.796750
600,629145600,73,443.450167,32.674084,1468.491042,57.244500
600,629145600,74,524.751625,43.167000,3091.358083,32.597208
600,629145600,75,725.939500,107.066250,2337.616625,33.280875
600,629145600,76,612.633417,54.352625,2429.745792,27.434958
600,629145600,77,527.571417,161.635583,2192.790459,28.221834
600,629145600,78,572.471583,52.132291,2123.117875,45.093834
600,629145600,79,674.214583,233.558000,1608.414667,33.340791
600,629145600,80,371.431875,39.679166,1394.826250,19.163292
600,629145600,81,374.256958,26.086583,1446.424667,40.911625
600,629145600,82,407.663625,30.638250,1521.814792,23.171250
600,629145600,83,431.700250,33.355333,1482.866000,39.264500
600,629145600,84,364.769750,29.367083,1448.126750,19.202709
600,629145600,85,357.506625,25.502208,1481.804708,39.468500
600,629145600,86,364.986375,26.351584,1450.823000,31.358375
600,629145600,87,363.485875,28.030083,1457.094167,20.261458
600,629145600,88,370.410750,25.538375,1442.118250,39.329083
600,629145600,89,360.372833,26.686875,1437.139709,37.885084
600,629145600,90,369.351125,29.725917,1440.669292,20.085333
600,629145600,91,370.469167,26.081875,1443.499750,33.082458
600,629145600,92,359.379250,25.806209,1437.067708,23.813833
600,629145600,93,355.969583,26.349334,1438.252375,32.818042
600,629145600,94,358.618125,27.315875,1426.212125,19.779125
600,629145600,95,360.088042,27.321334,1435.227875,36.273666
600,629145600,96,354.747625,25.358500,1437.147708,36.876583
600,629145600,97,350.072459,25.524125,1420.072875,19.151333
600,629145600,98,358.713750,25.364917,1455.708125,19.663209
600,629145600,99,361.486709,25.268084,1425.539250,37.807292
600,629145600,100,357.503250,26.203417,1444.643583,36.938792
700,734003200,1,469.276584,45.409583,1683.181500,22.695708
700,734003200,2,424.003958,31.616667,1681.311125,36.488041
700,734003200,3,425.125000,30.183333,1724.434417,22.276417
700,734003200,4,668.841792,72.757792,1682.838416,44.045500
700,734003200,5,538.406333,46.749333,1838.486166,26.669833
700,734003200,6,644.558417,82.012375,1947.030958,53.239250
700,734003200,7,578.254792,49.954875,2260.383750,57.264625
700,734003200,8,784.347500,124.330958,2077.505541,27.471917
700,734003200,9,492.980333,44.430042,1685.822959,43.753125
700,734003200,10,426.865958,33.989542,1690.558541,23.084000
700,734003200,11,429.745209,32.276208,1674.545209,43.528875
700,734003200,12,421.678875,31.854250,1967.826792,37.234500
700,734003200,13,507.821750,297.732917,3119.153042,55.152167
700,734003200,14,1105.536084,512.858375,2107.025834,26.368167
700,734003200,15,538.254709,71.182750,2025.405208,150.688000
700,734003200,16,698.609333,67.215833,2532.113958,44.949375
700,734003200,17,653.080000,57.004584,2550.489500,60.811291
700,734003200,18,699.456417,65.954750,1865.594958,36.129792
700,734003200,19,392.820083,34.544000,1534.751417,43.276000
700,734003200,20,385.199000,28.091458,1761.024500,64.657791
700,734003200,21,596.935000,35.284000,1664.687416,22.865708
700,734003200,22,436.105584,31.450625,1861.475416,64.436208
700,734003200,23,993.684167,217.486375,3159.242291,38.180584
700,734003200,24,743.848125,141.013875,1717.140500,24.319584
700,734003200,25,424.584208,49.412041,1758.008583,50.070000
700,734003200,26,473.791583,36.686667,1694.129709,42.141959
700,734003200,27,397.412708,31.389250,1578.571500,22.191667
700,734003200,28,469.871542,45.010625,1642.451541,40.489917
700,734003200,29,407.382750,31.713000,2093.065292,38.580583
700,734003200,30,720.794875,83.589500,1796.377416,24.682541
700,734003200,31,524.117041,42.628375,2133.184416,36.673708
700,734003200,32,755.266583,72.315875,2304.036625,38.996375
700,734003200,33,428.109667,35.969625,1571.238958,41.682959
700,734003200,34,422.519083,35.176458,1943.251834,23.287791
700,734003200,35,431.960209,64.758458,2178.876083,23.381958
700,734003200,36,419.943167,30.840000,1693.514125,23.142875
700,734003200,37,425.025542,35.132250,1910.416834,44.010834
700,734003200,38,465.944084,60.128875,2018.445500,42.231833
700,734003200,39,450.645500,31.988750,1582.353167,30.486417
700,734003200,40,795.661084,134.066209,2290.306416,32.528458
700,734003200,41,431.056000,31.067459,1532.227583,21.151666
700,734003200,42,386.528917,29.632917,1583.434334,21.728458
700,734003200,43,389.142208,27.860041,1607.941958,21.852667
700,734003200,44,419.743667,31.647333,1706.446125,31.957541
700,734003200,45,395.259125,28.005292,1649.283083,22.209959
700,734003200,46,429.722542,31.378500,2247.734375,33.951417
700,734003200,47,608.253458,218.121292,2334.979333,31.270750
700,734003200,48,552.322292,86.349250,2148.507666,36.366167
700,734003200,49,606.864375,55.291333,2023.656208,34.326375
700,734003200,50,462.405167,38.578958,1586.762458,21.035375
700,734003200,51,391.950334,33.286500,1563.663709,21.198667
700,734003200,52,393.911583,31.016834,1593.535875,45.976292
700,734003200,53,396.189041,33.361417,1579.739458,26.463792
700,734003200,54,388.313625,32.939083,1588.357167,40.061042
700,734003200,55,390.302834,33.444333,1845.445792,44.935334
700,734003200,56,431.617959,29.413292,1616.802500,21.045833
700,734003200,57,398.592250,27.422000,1553.326792,43.293375
700,734003200,58,387.788875,28.325667,1600.608209,41.410250
700,734003200,59,387.076750,28.261333,1733.932625,35.037792
700,734003200,60,434.128875,29.403875,1593.740125,21.087917
700,734003200,61,431.870875,29.645750,1620.529458,42.412708
700,734003200,62,391.485708,28.140791,1588.615625,21.346584
700,734003200,63,381.472084,28.867500,1567.812416,21.373084
700,734003200,64,386.203000,28.244833,1582.500542,21.551417
700,734003200,65,394.459708,27.908792,1573.640875,21.048042
700,734003200,66,393.772041,28.496750,1630.202667,22.168583
700,734003200,67,405.598542,28.672750,1587.698833,43.811667
700,734003200,68,391.497417,28.707584,1583.269250,21.335583
700,734003200,69,397.530000,31.217959,1591.319167,20.927375
700,734003200,70,388.355167,28.278833,1587.482625,43.808791
700,734003200,71,392.645500,27.939916,1688.996458,35.168000
700,734003200,72,424.930500,30.183708,1602.569708,20.843334
700,734003200,73,386.901042,28.296875,1594.555917,21.228334
700,734003200,74,397.843083,29.630458,1573.732083,21.966000
700,734003200,75,395.168458,29.582625,1628.703375,21.539958
700,734003200,76,423.233625,29.915708,1589.707916,42.802541
700,734003200,77,383.742083,28.146834,1598.913167,41.026500
700,734003200,78,390.370625,28.125708,1602.889542,43.405959
700,734003200,79,388.905416,28.101166,1585.820791,40.370125
700,734003200,80,388.340292,28.008959,1592.680167,43.891667
700,734003200,81,399.962625,28.205125,1584.878833,27.553416
700,734003200,82,390.265958,28.030916,1611.071208,21.223042
700,734003200,83,395.710875,27.947042,1591.020167,43.008875
700,734003200,84,384.816083,28.166333,1583.243209,21.318416
700,734003200,85,396.294750,28.216250,1596.727083,25.361583
700,734003200,86,390.920000,27.950542,1584.042708,44.289667
700,734003200,87,387.495917,31.421292,1590.449833,42.736958
700,734003200,88,381.107000,27.979292,1579.275084,25.757458
700,734003200,89,391.760500,27.952916,1594.644334,41.687041
700,734003200,90,389.188000,28.091791,1587.415375,22.173167
700,734003200,91,398.754250,28.255833,1602.081792,30.600084
700,734003200,92,386.556584,28.649167,1605.105333,41.738041
700,734003200,93,394.428541,30.470750,1620.574583,42.309750
700,734003200,94,385.554458,28.110000,1587.049167,44.193042
700,734003200,95,386.478250,28.509125,1612.179625,29.949542
700,734003200,96,439.733000,31.814041,1625.459375,42.604959
700,734003200,97,395.549292,33.669750,1557.847708,43.751500
700,734003200,98,381.475125,28.001375,1556.572083,44.253750
700,734003200,99,382.225500,33.499375,1560.007791,40.376083
700,734003200,100,391.784125,37.123459,1547.925250,24.086584
800,838860800,1,503.413250,80.892458,1822.702916,36.458542
800,838860800,2,447.058042,33.338042,1833.391750,48.946292
800,838860800,3,455.367083,32.893500,1791.066625,30.395666
800,838860800,4,456.662166,60.220666,1830.399250,50.304917
800,838860800,5,446.910625,33.749292,1751.552458,48.800875
800,838860800,6,484.190375,68.885834,1870.075667,43.151541
800,838860800,7,488.168750,39.982458,1861.752416,25.163791
800,838860800,8,455.887666,35.447291,1835.035083,26.365041
800,838860800,9,529.247792,73.730542,2058.571000,43.501541
800,838860800,10,530.421417,36.645542,1951.997125,48.834875
800,838860800,11,466.391250,31.991333,1740.243333,50.647208
800,838860800,12,441.265625,36.337458,1778.612667,24.247458
800,838860800,13,446.283625,33.661917,1897.440625,43.093167
800,838860800,14,463.488041,34.041792,1811.975209,46.266458
800,838860800,15,445.621667,38.042584,1763.033916,49.160375
800,838860800,16,447.657167,34.002333,1878.744750,45.566333
800,838860800,17,455.517375,32.885375,1768.155708,50.607000
800,838860800,18,440.632583,32.570541,1749.241708,50.781500
800,838860800,19,474.933709,91.137417,1887.375375,25.542875
800,838860800,20,457.886459,32.401000,1840.587625,41.631125
800,838860800,21,464.182083,35.771584,1860.306375,35.562125
800,838860800,22,858.785625,277.901084,2113.473125,24.208333
800,838860800,23,519.058125,53.372541,1754.146500,47.536292
800,838860800,24,451.391875,32.361417,1822.016542,52.146167
800,838860800,25,468.298250,56.241375,2004.995958,27.697041
800,838860800,26,500.962083,38.260500,1794.783000,25.579875
800,838860800,27,439.223000,32.000083,1827.385166,25.333542
800,838860800,28,456.642500,41.678292,1920.600083,39.352167
800,838860800,29,509.514791,41.036042,1880.754041,48.573875
800,838860800,30,494.845541,41.850875,1826.414750,25.643041
800,838860800,31,481.327500,34.890666,1844.928250,44.861875
800,838860800,32,453.621875,32.547542,1846.163708,45.462708
800,838860800,33,464.277750,36.082208,1808.286791,23.957250
800,838860800,34,454.621583,31.941375,1805.592042,48.066667
800,838860800,35,459.379875,35.821458,1821.768125,50.047542
800,838860800,36,443.670250,37.094166,1818.110000,24.687292
800,838860800,37,459.523541,36.858458,1847.941459,44.048125
800,838860800,38,451.175416,32.362541,2416.301625,28.738292
800,838860800,39,522.972250,39.362083,1760.010083,48.934791
800,838860800,40,449.918750,32.140208,2533.983500,58.698625
800,838860800,41,1107.963834,43.654500,2107.173750,24.094875
800,838860800,42,482.484542,35.509167,1749.611708,44.093083
800,838860800,43,452.159750,33.487500,1799.365500,48.796000
800,838860800,44,464.249875,33.060541,1812.344750,24.904750
800,838860800,45,455.729500,40.394667,1856.602916,44.298334
800,838860800,46,555.349875,59.965583,1834.515666,25.032459
800,838860800,47,504.279792,50.552750,1831.115792,49.867750
800,838860800,48,449.957209,41.128083,1800.468708,47.600542
800,838860800,49,463.326833,33.648958,1796.391333,48.044667
800,838860800,50,448.883292,31.778000,1810.274375,48.917584
800,838860800,51,452.165958,37.382042,1815.803542,23.955000
800,838860800,52,449.730333,33.346125,1821.960917,24.361667
800,838860800,53,451.195167,32.554042,1832.106083,35.010875
800,838860800,54,499.892000,54.364916,1932.160167,46.560958
800,838860800,55,494.799250,48.446417,2642.580083,45.700041
800,838860800,56,1388.117875,71.398209,2833.828375,53.078750
800,838860800,57,674.841750,71.421709,2417.917250,29.839333
800,838860800,58,747.537292,58.272834,2547.191041,31.637834
800,838860800,59,896.324625,46.298500,2944.506500,35.589833
800,838860800,60,1046.366291,52.923125,2556.488666,45.433917
800,838860800,61,1162.421958,60.304125,2518.443958,61.736375
800,838860800,62,804.277041,50.807958,1959.261250,32.382333
800,838860800,63,2941.639333,757.190500,1831.220167,24.240000
800,838860800,64,485.531291,45.214083,1823.902458,25.133792
800,838860800,65,457.399791,37.441875,1817.129292,23.902750
800,838860800,66,449.229000,38.801917,1828.704333,48.394834
800,838860800,67,451.179041,32.502792,1856.290792,23.753417
800,838860800,68,449.867791,37.361083,1859.191583,47.808792
800,838860800,69,452.919084,32.486083,1832.349708,51.003375
800,838860800,70,442.567375,33.601292,1820.460375,44.193458
800,838860800,71,466.754709,37.587084,1843.136334,48.857000
800,838860800,72,451.409375,31.858500,1780.459000,35.324042
800,838860800,73,451.330667,31.768209,1804.066667,46.949000
800,838860800,74,454.741084,31.931583,1787.379125,23.686333
800,838860800,75,453.891958,37.982458,1873.490250,27.373042
800,838860800,76,506.369958,32.257334,1777.012958,31.278125
800,838860800,77,444.316542,31.760791,1788.906625,49.016916
800,838860800,78,442.432041,36.535541,1799.297708,50.728417
800,838860800,79,443.590458,31.713000,1789.951292,23.585541
800,838860800,80,444.560334,31.767208,1782.343458,45.377500
800,838860800,81,444.289375,31.817458,2032.622916,38.580958
800,838860800,82,463.455292,32.548625,1841.902792,24.759167
800,838860800,83,473.836250,41.363833,1807.536334,50.158958
800,838860800,84,447.102541,37.389583,1800.154625,49.195500
800,838860800,85,442.006916,34.868875,1782.425958,24.043625
800,838860800,86,444.475625,40.896416,1830.508375,49.283541
800,838860800,87,441.126875,31.843417,1812.818833,29.586208
800,838860800,88,446.882083,35.909666,1867.156250,25.458291
800,838860800,89,448.347625,32.183333,1821.898459,41.526000
800,838860800,90,444.305875,32.251417,1794.620208,26.070000
800,838860800,91,473.128750,36.942917,1870.915208,36.807250
800,838860800,92,455.498042,33.603750,1761.447291,49.628250
800,838860800,93,429.834125,32.158416,1763.697542,50.625875
800,838860800,94,432.936833,31.801000,1806.898000,44.313041
800,838860800,95,522.649750,35.822250,1805.242542,33.435167
800,838860800,96,451.372125,36.072708,1778.810833,48.830167
800,838860800,97,435.987916,32.508000,1722.227917,49.765834
800,838860800,98,435.226875,32.586250,1749.208125,45.817375
800,838860800,99,447.791542,44.202375,1790.737292,47.277667
800,838860800,100,438.077375,31.797292,1790.638959,48.734250
900,943718400,1,576.631708,94.743000,2069.423292,36.762375
900,943718400,2,499.573791,35.579542,1961.810625,55.846000
900,943718400,3,504.085375,42.618292,2012.806208,26.794208
900,943718400,4,496.689459,37.865292,2001.023459,54.993917
900,943718400,5,545.398584,85.605500,1962.505958,26.324208
900,943718400,6,494.792750,34.368917,1977.940625,54.267833
900,943718400,7,497.150208,37.977750,1940.663041,35.534541
900,943718400,8,494.679208,34.788875,1959.485000,55.654209
900,943718400,9,492.336625,37.827834,1969.888333,46.443250
900,943718400,10,503.343958,36.066334,1969.394792,54.999167
900,943718400,11,543.310459,47.343833,2105.778625,26.770792
900,943718400,12,495.760334,34.957209,2017.578834,54.347459
900,943718400,13,479.342958,43.043541,1964.012500,55.424416
900,943718400,14,504.474584,36.592500,2005.347250,51.617375
900,943718400,15,497.366584,35.463375,2011.196125,37.645250
900,943718400,16,489.467667,42.747167,1951.786292,34.551291
900,943718400,17,479.324833,34.273125,1955.071125,56.225334
900,943718400,18,489.369666,35.924833,1984.953000,56.090583
900,943718400,19,484.980833,34.478500,1988.760166,54.114083
900,943718400,20,488.856500,40.541333,2012.210041,26.421542
900,943718400,21,535.700042,36.456083,2357.166750,50.482708
900,943718400,22,663.696625,44.975000,2571.225000,53.742584
900,943718400,23,616.511667,57.965666,2656.057750,33.136416
900,943718400,24,648.410083,47.700750,2047.316583,26.535250
900,943718400,25,500.866833,34.632667,1948.163500,50.852625
900,943718400,26,504.830167,36.793750,1966.007959,53.598166
900,943718400,27,496.758250,41.804667,1935.933500,27.378167
900,943718400,28,486.463792,36.846042,1945.215166,40.286459
900,943718400,29,493.720541,42.014584,2010.524875,45.285750
900,943718400,30,503.190417,35.528833,2025.859417,49.796750
900,943718400,31,514.599000,37.312917,2005.697375,48.699250
900,943718400,32,496.256375,38.451542,2023.097041,49.916500
900,943718400,33,519.248583,36.424458,1940.089250,26.051375
900,943718400,34,495.811625,37.839125,1959.084417,47.450333
900,943718400,35,523.371708,38.375584,2097.643791,30.088834
900,943718400,36,542.608375,58.054333,2124.963625,28.738792
900,943718400,37,564.409959,58.348042,2041.461584,26.248125
900,943718400,38,554.905750,61.490958,1987.544750,54.858791
900,943718400,39,492.625542,36.111458,2056.031000,34.153375
900,943718400,40,503.518375,40.523833,1980.196500,26.709250
900,943718400,41,510.345625,35.851458,2007.617375,55.512625
900,943718400,42,485.433667,37.347791,1944.883625,51.607333
900,943718400,43,476.111875,33.294666,2013.227459,48.052208
900,943718400,44,501.664042,40.459667,2020.143250,49.399041
900,943718400,45,481.567333,33.834083,2000.276750,27.429166
900,943718400,46,505.927583,39.259542,2049.328958,45.853959
900,943718400,47,561.928125,69.952542,2004.509459,28.776750
900,943718400,48,503.849542,36.042875,1991.298875,26.351791
900,943718400,49,497.995041,41.288334,1953.006250,30.825375
900,943718400,50,513.690625,46.408792,2003.750209,26.932334
900,943718400,51,491.655333,40.401333,1996.028792,55.032334
900,943718400,52,488.534833,34.708875,1983.972084,34.072000
900,943718400,53,486.913417,39.953209,2036.281334,34.460417
900,943718400,54,511.057541,38.222875,1980.919583,55.018208
900,943718400,55,476.728541,37.874583,1943.242958,31.661750
900,943718400,56,488.820458,34.591292,1995.960375,40.696334
900,943718400,57,494.822750,39.790459,1991.846750,53.189917
900,943718400,58,507.006625,41.572500,2596.652125,50.271750
900,943718400,59,540.044083,56.791292,1930.172542,49.088417
900,943718400,60,467.814541,33.675458,1915.583042,26.816459
900,943718400,61,499.534542,36.606791,1983.769250,56.142375
900,943718400,62,489.217375,37.749625,1968.653416,26.021666
900,943718400,63,466.786750,34.745125,1965.199333,53.430416
900,943718400,64,518.943416,40.192709,1976.471875,54.922167
900,943718400,65,608.735375,61.484416,2155.800167,27.200708
900,943718400,66,487.411542,34.478792,1967.437000,37.909250
900,943718400,67,510.414542,48.564708,1930.482583,54.191291
900,943718400,68,482.048125,35.263209,1958.209917,42.613250
900,943718400,69,496.888625,47.213917,1995.328542,46.596083
900,943718400,70,499.771250,36.006459,1923.177291,54.036667
900,943718400,71,511.958584,34.673042,2011.410417,52.285584
900,943718400,72,496.542666,36.207125,1964.559958,50.381208
900,943718400,73,476.527667,34.903500,1975.052000,51.220458
900,943718400,74,486.520709,36.089791,1946.399083,25.824000
900,943718400,75,493.866250,38.496291,2004.370000,46.994708
900,943718400,76,497.244333,36.729125,1981.782167,53.903000
900,943718400,77,478.803625,34.825459,1989.626500,47.160750
900,943718400,78,483.207958,36.058625,1964.564083,25.990875
900,943718400,79,482.022209,34.280375,4976.115084,52.406417
900,943718400,80,7220.155625,1197.513333,7039.273834,87.572125
900,943718400,81,7738.979208,525.754083,5316.098709,67.803625
900,943718400,82,4605.903083,608.774541,5240.594750,80.190625
900,943718400,83,4563.075167,302.875833,5159.240541,65.657709
900,943718400,84,4155.883958,148.301167,3765.975750,46.094458
900,943718400,85,3381.651125,141.955416,3716.700625,62.466792
900,943718400,86,5013.995208,185.246125,4294.123416,70.143750
900,943718400,87,5751.041584,220.625667,3808.285000,53.642292
900,943718400,88,2952.728333,165.005083,3870.030833,65.475917
900,943718400,89,3170.265542,138.360458,3828.321542,64.519916
900,943718400,90,3033.571500,179.273459,3931.117000,53.134125
900,943718400,91,2863.329542,150.659209,3876.650000,50.136750
900,943718400,92,2925.731667,79.209458,3714.118750,47.378167
900,943718400,93,2318.907750,99.170584,3609.096042,45.687167
900,943718400,94,2774.473750,214.267625,5603.730125,59.357084
900,943718400,95,3252.435208,250.842000,3687.369209,44.652375
900,943718400,96,2828.182375,114.801792,3863.749833,47.981333
900,943718400,97,2843.297583,201.286166,3972.037792,58.243958
900,943718400,98,2371.544584,109.665208,3904.231625,42.507041
900,943718400,99,2531.232666,184.060667,3476.856500,44.783416
900,943718400,100,3162.869916,140.303042,3688.441875,67.573667
1000,1048576000,1,3503.962333,305.987375,4367.062625,55.229166
1000,1048576000,2,2771.998084,118.761333,4023.714917,53.108666
1000,1048576000,3,3364.016334,180.703500,4061.074542,48.776250
1000,1048576000,4,3359.550708,155.094750,3933.163541,59.583458
1000,1048576000,5,4883.775541,521.331833,3714.670916,61.397917
1000,1048576000,6,2143.389833,117.784292,3635.724542,46.227208
1000,1048576000,7,2103.555834,87.931708,3588.617333,49.126417
1000,1048576000,8,2158.701125,126.486250,3396.650125,49.282125
1000,1048576000,9,1991.697959,88.131792,3389.120458,47.801750
1000,1048576000,10,1752.968208,134.848000,3472.283916,43.553750
1000,1048576000,11,1884.200792,60.239208,3349.235500,51.726834
1000,1048576000,12,2076.891375,79.084667,3201.239042,41.183375
1000,1048576000,13,2021.059917,64.883042,3910.095333,47.226042
1000,1048576000,14,2239.373791,220.567834,2228.495458,30.791417
1000,1048576000,15,651.055833,48.849834,2190.750750,34.204417
1000,1048576000,16,671.306708,42.551166,2352.606584,31.375375
1000,1048576000,17,744.567041,89.849125,2309.906500,31.022583
1000,1048576000,18,724.326417,75.763916,2268.209667,31.661375
1000,1048576000,19,593.318750,38.417417,2191.839750,30.414875
1000,1048576000,20,568.890500,47.946125,2163.835000,29.779083
1000,1048576000,21,578.527625,53.484541,2223.253000,29.636417
1000,1048576000,22,578.611750,40.211208,2214.194583,30.857458
1000,1048576000,23,626.843834,46.813208,2190.782500,29.499542
1000,1048576000,24,576.206291,67.701666,2385.973583,30.343167
1000,1048576000,25,580.484625,38.478833,2273.756667,30.638958
1000,1048576000,26,606.015750,46.151833,2454.038583,31.670500
1000,1048576000,27,801.969875,143.110917,2339.841250,31.047750
1000,1048576000,28,631.076542,57.770083,2179.213750,29.466333
1000,1048576000,29,588.127334,41.857500,2186.894833,29.279375
1000,1048576000,30,548.414083,37.629333,2178.826792,29.337959
1000,1048576000,31,579.999333,53.238750,2191.756250,29.364458
1000,1048576000,32,527.703167,41.919209,2198.488250,31.186375
1000,1048576000,33,588.432000,40.567833,2181.474500,29.049583
1000,1048576000,34,543.609666,42.417292,2225.342875,29.938416
1000,1048576000,35,563.135958,42.408292,2199.323208,28.862333
1000,1048576000,36,544.141708,39.516292,2196.039750,29.745125
1000,1048576000,37,640.603542,50.307667,2249.227416,32.163250
1000,1048576000,38,636.933375,63.316541,2120.461458,29.171417
1000,1048576000,39,550.682667,37.186750,2240.056958,41.313041
1000,1048576000,40,594.700375,46.423291,2211.371791,29.332291
1000,1048576000,41,555.673208,40.094416,2178.611667,29.468916
1000,1048576000,42,557.005667,41.623791,2193.840333,29.799542
1000,1048576000,43,546.268333,36.769875,2221.340917,30.972500
1000,1048576000,44,598.718583,37.111083,2201.011125,29.254833
1000,1048576000,45,572.773416,42.908917,2238.541375,36.430875
1000,1048576000,46,878.229292,79.374709,2911.774416,34.799875
1000,1048576000,47,726.900292,69.796042,2833.191416,35.618584
1000,1048576000,48,771.356125,60.415000,2342.660792,29.450834
1000,1048576000,49,556.242166,52.327542,2140.466875,29.011125
1000,1048576000,50,547.478500,36.959584,2228.366334,29.514417
1000,1048576000,51,559.066125,40.425459,2190.275125,30.090833
1000,1048576000,52,542.241709,44.119042,2235.453458,29.576125
1000,1048576000,53,563.301541,44.132542,2208.880208,29.887000
1000,1048576000,54,564.570458,36.896792,2187.890667,29.449458
1000,1048576000,55,578.353875,44.943417,2154.648250,30.083000
1000,1048576000,56,538.354583,43.366292,2177.017292,29.898875
1000,1048576000,57,565.123625,43.820791,2277.608000,31.424834
1000,1048576000,58,685.830291,101.625416,2189.203000,29.480709
1000,1048576000,59,540.994625,36.321000,2221.095541,33.103375
1000,1048576000,60,612.670125,40.357792,2189.526459,29.334042
1000,1048576000,61,597.371750,59.159291,2197.650708,29.406209
1000,1048576000,62,549.750667,41.892458,2302.562333,30.238250
1000,1048576000,63,596.738417,57.986125,2203.400500,29.729625
1000,1048576000,64,576.500541,46.172000,2167.172167,29.437584
1000,1048576000,65,553.105625,53.324916,2273.188333,31.749917
1000,1048576000,66,677.456208,56.624167,2244.969375,31.261750
1000,1048576000,67,637.369708,47.463542,2199.669667,30.034708
1000,1048576000,68,556.703917,43.532417,2214.677042,30.299459
1000,1048576000,69,576.937708,46.616791,2188.226667,29.327917
1000,1048576000,70,556.525792,43.766334,2183.378917,29.233667
1000,1048576000,71,671.766083,80.844208,2247.172416,29.270458
1000,1048576000,72,547.340542,37.312167,2142.686958,30.686875
1000,1048576000,73,538.530583,40.878458,2178.888334,30.745416
1000,1048576000,74,555.665916,42.704167,2177.610416,29.679208
1000,1048576000,75,569.310042,77.243250,2256.471167,30.795542
1000,1048576000,76,627.392917,42.389375,2201.507625,30.003125
1000,1048576000,77,618.660333,47.903917,2258.202583,30.265750
1000,1048576000,78,623.792417,52.328958,2307.691792,30.747958
1000,1048576000,79,614.351292,52.201250,2215.004458,29.984916
1000,1048576000,80,586.306375,46.860542,2198.398250,30.432333
1000,1048576000,81,614.017542,47.221791,2223.809292,29.756375
1000,1048576000,82,581.647959,61.637625,2197.316375,29.599709
1000,1048576000,83,559.305250,36.628667,2191.004208,32.427750
1000,1048576000,84,581.476541,37.764500,2182.162250,29.192958
1000,1048576000,85,543.674583,38.230375,2203.407500,31.817584
1000,1048576000,86,602.280625,44.480625,2259.507500,30.715375
1000,1048576000,87,584.779583,44.470083,2161.535042,29.542375
1000,1048576000,88,868.006250,110.877583,2744.480292,30.960125
1000,1048576000,89,621.926791,66.681875,2190.975042,30.076833
1000,1048576000,90,588.536584,49.594083,2185.352666,30.354125
1000,1048576000,91,593.348750,56.853500,2212.111916,29.343667
1000,1048576000,92,580.644334,40.938959,2217.492709,29.647041
1000,1048576000,93,614.838334,51.749000,2191.445208,29.797583
1000,1048576000,94,561.965584,39.528084,2241.702541,29.929125
1000,1048576000,95,574.823291,41.557458,2165.233625,29.396875
1000,1048576000,96,554.551959,42.884042,2187.423042,29.707875
1000,1048576000,97,577.844708,37.048333,2159.626291,29.391583
1000,1048576000,98,537.523916,70.576459,2354.677125,41.287125
1000,1048576000,99,857.272334,222.706292,2466.273625,31.182833
1000,1048576000,100,758.026333,102.818291,2183.817084,29.887000
