tamanho_mb,tamanho_bytes,iteracao,alloc_ms,write_ms,read_ms,free_ms
100,104857600,1,828.750167,592.447750,578.313791,10.687500
100,104857600,2,445.273375,329.632333,433.517000,5.166667
100,104857600,3,234.200666,313.851750,437.747875,5.533792
100,104857600,4,392.960000,298.496667,422.321583,5.218875
100,104857600,5,309.215125,252.813458,388.587333,5.075625
100,104857600,6,203.794208,238.260958,361.747042,7.691041
100,104857600,7,265.849584,215.662958,360.406250,5.014625
100,104857600,8,212.894792,200.317916,424.375917,5.510417
100,104857600,9,205.904000,377.502500,439.940041,5.480875
100,104857600,10,270.098208,305.218125,432.499333,5.960875
100,104857600,11,252.710959,213.584792,420.414042,5.804750
100,104857600,12,243.079333,270.989083,460.257584,5.406000
100,104857600,13,195.932917,273.023375,448.578125,5.648667
100,104857600,14,180.912584,213.739500,483.517958,5.652750
100,104857600,15,200.086792,249.509959,453.166708,9.067833
100,104857600,16,342.311250,518.320166,505.584958,5.880709
100,104857600,17,345.053959,319.113916,415.010542,5.725708
100,104857600,18,229.185209,289.330208,435.017875,6.237208
100,104857600,19,268.952667,318.423083,445.611459,5.446750
100,104857600,20,356.667000,433.155417,514.250917,7.268542
100,104857600,21,413.279417,360.185875,459.918916,6.742625
100,104857600,22,259.427042,372.404791,446.425000,5.283375
100,104857600,23,212.028125,310.919208,414.440875,5.565125
100,104857600,24,178.749959,195.150042,373.339708,4.516625
100,104857600,25,201.157333,254.900125,487.942833,6.399958
100,104857600,26,291.636250,274.281667,423.175500,5.284583
100,104857600,27,263.752625,310.053834,544.999333,6.607333
100,104857600,28,321.304417,362.937416,416.590042,5.387750
100,104857600,29,253.758416,469.256625,458.298459,5.494875
100,104857600,30,403.464625,533.034584,535.521250,6.180333
100,104857600,31,503.887542,337.159416,494.623209,5.528667
100,104857600,32,243.056417,385.352333,435.033084,5.598708
100,104857600,33,213.732875,700.306042,840.253500,8.083666
100,104857600,34,825.108875,385.577083,309.286792,3.500500
100,104857600,35,70.417458,78.150583,231.518667,3.072667
100,104857600,36,56.484084,66.480833,221.332667,3.031375
100,104857600,37,61.825083,117.682791,221.808083,3.254167
100,104857600,38,63.003125,76.862458,219.550875,3.068500
100,104857600,39,70.717333,83.516000,224.486334,3.337333
100,104857600,40,56.752167,68.641416,225.081167,3.301125
100,104857600,41,69.920500,75.546250,227.595917,3.422792
100,104857600,42,63.112083,70.974208,233.525750,3.128542
100,104857600,43,61.542917,77.190500,229.736583,3.372167
100,104857600,44,75.085958,116.052542,254.477250,3.566291
100,104857600,45,76.413916,96.492333,269.948125,3.734333
100,104857600,46,91.509958,97.464917,336.316333,20.022958
100,104857600,47,113.242292,111.714667,284.955750,3.525125
100,104857600,48,76.485083,85.148917,243.743542,3.333417
100,104857600,49,57.018208,69.041708,252.205625,3.287000
100,104857600,50,74.319833,88.228208,261.856250,5.208583
100,104857600,51,86.436167,86.149250,250.472834,3.385000
100,104857600,52,60.526583,76.941667,220.216125,3.039583
100,104857600,53,62.557875,65.863375,230.478125,3.162834
100,104857600,54,57.747541,67.279042,230.197875,3.376417
100,104857600,55,60.132166,73.316167,224.341791,3.061667
100,104857600,56,56.609333,66.335875,216.478709,3.136625
100,104857600,57,65.629958,83.354375,233.648041,3.135208
100,104857600,58,69.687917,107.361125,245.307084,3.355208
100,104857600,59,77.424125,91.161917,274.336166,4.361500
100,104857600,60,88.592875,123.711042,258.405708,3.326417
100,104857600,61,88.123750,101.248833,266.387625,3.916625
100,104857600,62,78.917750,96.089208,278.417500,4.917167
100,104857600,63,177.597667,121.125042,284.159583,3.857625
100,104857600,64,87.596708,98.175375,257.105625,4.136958
100,104857600,65,72.550875,79.910708,245.337042,3.321041
100,104857600,66,60.843084,77.349625,233.117084,3.193709
100,104857600,67,62.457959,83.415625,273.996958,3.303500
100,104857600,68,94.808375,116.345250,250.766250,3.490583
100,104857600,69,77.828375,106.592667,248.206417,4.039834
100,104857600,70,94.223083,86.865041,249.431125,3.347208
100,104857600,71,81.640750,77.635500,242.636625,3.264125
100,104857600,72,60.647166,70.181792,225.187792,3.056125
100,104857600,73,68.136792,82.528583,236.961167,3.139000
100,104857600,74,76.831333,124.991583,244.419209,3.404417
100,104857600,75,105.265500,93.896333,263.437125,3.690333
100,104857600,76,90.361208,110.487542,264.930209,3.268041
100,104857600,77,69.106542,74.179791,422.172542,6.402792
100,104857600,78,320.737667,453.592750,389.438500,3.949417
100,104857600,79,79.841834,112.163417,267.482125,3.453667
100,104857600,80,78.886250,75.144125,234.947333,3.120500
100,104857600,81,63.957542,75.804667,234.687375,3.228667
100,104857600,82,69.572250,81.350459,240.869333,4.521875
100,104857600,83,71.726125,79.264542,265.502209,3.836708
100,104857600,84,77.684958,91.257750,243.883792,4.344041
100,104857600,85,69.380375,74.026875,236.721833,3.220000
100,104857600,86,57.780209,69.016584,256.725041,4.348208
100,104857600,87,175.398166,324.645166,270.710500,4.113625
100,104857600,88,92.581875,81.993500,252.197708,3.329792
100,104857600,89,66.915041,72.109625,238.096666,3.194625
100,104857600,90,61.315084,66.482291,218.430042,3.061333
100,104857600,91,66.064875,73.584250,224.603917,3.206917
100,104857600,92,56.837000,141.130500,251.877958,5.981292
100,104857600,93,328.649875,217.466541,270.523250,3.882542
100,104857600,94,84.186500,91.659167,268.811708,3.320500
100,104857600,95,63.905875,75.558959,239.228459,3.742750
100,104857600,96,60.080833,79.926708,231.008291,3.140959
100,104857600,97,69.126542,73.016916,221.129583,3.358416
100,104857600,98,62.776500,95.313292,225.054875,3.404333
100,104857600,99,120.323792,99.305875,244.352208,3.180542
100,104857600,100,60.737000,73.459125,240.245917,3.238333
200,209715200,1,170.418708,321.319875,504.399542,7.186750
200,209715200,2,130.755917,171.702708,496.202750,6.592792
200,209715200,3,141.577166,187.372959,487.261292,10.977250
200,209715200,4,292.770250,809.360917,956.632417,8.826250
200,209715200,5,214.707375,271.729875,562.509584,7.091875
200,209715200,6,164.257583,262.978084,509.622958,6.959667
200,209715200,7,175.706292,165.554584,498.409083,7.074083
200,209715200,8,127.557917,154.914417,477.824792,6.281833
200,209715200,9,111.448042,141.970167,442.391209,6.108667
200,209715200,10,124.033042,157.357459,1014.936459,16.865750
200,209715200,11,939.135167,331.928708,903.331917,7.087917
200,209715200,12,144.462834,151.513750,447.154125,6.239750
200,209715200,13,110.155083,129.277250,412.645125,5.768334
200,209715200,14,103.993375,121.479125,407.419459,5.777166
200,209715200,15,101.128959,120.922833,396.304792,5.882125
200,209715200,16,101.589792,122.685416,407.538542,5.831041
200,209715200,17,105.970333,120.721250,412.506959,5.884291
200,209715200,18,106.891167,125.049291,414.859250,5.970000
200,209715200,19,107.691250,123.748000,420.718917,5.816791
200,209715200,20,105.208583,138.689750,421.153542,5.869708
200,209715200,21,110.459041,129.132500,420.340917,5.894000
200,209715200,22,106.797291,129.305125,424.056667,5.813375
200,209715200,23,102.110416,126.400083,418.630458,6.307792
200,209715200,24,108.733209,125.815417,418.858625,5.885209
200,209715200,25,105.881792,128.131500,492.139750,6.012292
200,209715200,26,105.259584,172.330709,427.529417,5.914250
200,209715200,27,108.361000,125.307917,420.921041,5.912042
200,209715200,28,102.290000,120.832542,418.292458,5.872792
200,209715200,29,100.481958,124.112542,412.787166,5.828792
200,209715200,30,110.480875,124.433834,412.828792,5.965583
200,209715200,31,108.237709,123.587458,412.692709,5.823875
200,209715200,32,102.382583,137.745250,420.361125,5.955125
200,209715200,33,108.026292,128.669083,418.742167,6.015834
200,209715200,34,113.244458,121.159625,418.132125,5.831916
200,209715200,35,105.729709,133.619208,419.303084,5.882208
200,209715200,36,105.706500,124.663208,416.829084,6.004417
200,209715200,37,105.387292,137.417750,412.255166,5.867833
200,209715200,38,102.391792,126.035458,416.767625,5.897417
200,209715200,39,108.794834,123.788875,413.287375,5.881333
200,209715200,40,102.706250,124.373083,411.941084,5.838083
200,209715200,41,111.414375,124.070834,423.862208,5.843167
200,209715200,42,103.583375,128.049334,421.512708,5.841000
200,209715200,43,103.978375,127.887584,418.153667,6.035458
200,209715200,44,110.263417,131.308166,417.683333,5.889917
200,209715200,45,103.145792,120.286334,415.131791,5.783416
200,209715200,46,100.999250,125.570792,415.634458,5.881625
200,209715200,47,105.076959,122.286167,416.951500,5.913292
200,209715200,48,101.307333,123.341833,415.395542,12.202667
200,209715200,49,100.063125,125.101125,416.932125,5.951583
200,209715200,50,103.079958,121.012459,416.081125,5.863625
200,209715200,51,108.136292,124.379417,416.577583,5.905917
200,209715200,52,104.605250,129.030167,419.076000,5.870583
200,209715200,53,104.134250,121.142792,414.077833,5.760083
200,209715200,54,105.173958,124.799416,416.291667,5.741875
200,209715200,55,104.238334,134.056875,416.104583,5.875250
200,209715200,56,102.504541,120.800959,412.235375,12.060458
200,209715200,57,102.255209,124.587292,416.034916,5.880125
200,209715200,58,102.674125,120.603958,416.634708,5.830709
200,209715200,59,99.941958,122.897084,411.959208,5.914041
200,209715200,60,103.412917,124.168625,417.363375,5.858792
200,209715200,61,106.796042,121.172792,414.805500,5.897542
200,209715200,62,101.890667,126.569375,416.548292,5.918958
200,209715200,63,104.577750,137.640708,413.044334,5.777250
200,209715200,64,109.678625,147.350750,425.338083,6.193334
200,209715200,65,104.186792,124.156334,418.186542,5.863250
200,209715200,66,105.617875,122.399834,420.418500,5.865583
200,209715200,67,100.188208,121.412542,411.552917,6.070625
200,209715200,68,101.713667,123.980333,415.702458,5.886166
200,209715200,69,103.338042,121.777084,415.970666,5.928958
200,209715200,70,100.601917,123.700917,413.368042,5.849625
200,209715200,71,109.458292,127.079875,417.024541,5.855000
200,209715200,72,102.917542,127.693583,416.190375,5.893208
200,209715200,73,103.600542,127.026417,416.575292,6.135833
200,209715200,74,105.696417,121.504625,417.017250,5.910583
200,209715200,75,102.851667,136.556833,411.972416,5.793125
200,209715200,76,102.709041,133.187792,415.507125,5.866750
200,209715200,77,106.401291,121.515125,425.715209,5.831875
200,209715200,78,102.751916,125.420875,416.177083,5.839542
200,209715200,79,106.243708,122.923000,412.358000,5.861041
200,209715200,80,102.356041,121.939208,416.113375,5.836958
200,209715200,81,106.961625,127.770708,414.241708,5.871584
200,209715200,82,104.596167,131.555083,420.700500,6.067542
200,209715200,83,101.791125,133.119875,414.058042,5.776416
200,209715200,84,99.913875,125.672666,414.636833,5.894084
200,209715200,85,104.791542,131.173542,412.492333,5.852333
200,209715200,86,104.737042,123.412834,415.321333,5.783000
200,209715200,87,100.843667,123.462958,416.146250,6.003333
200,209715200,88,103.081209,120.571333,413.538833,5.854750
200,209715200,89,102.014792,126.030583,412.734417,5.841417
200,209715200,90,105.312541,132.458375,415.256333,5.883833
200,209715200,91,108.268750,121.207208,412.856667,5.802916
200,209715200,92,103.471542,132.236583,418.754500,5.860833
200,209715200,93,104.741500,121.348875,419.202208,5.889042
200,209715200,94,104.342542,125.261333,411.800666,5.703125
200,209715200,95,105.085583,123.623208,417.671667,5.878542
200,209715200,96,100.223625,120.967167,419.158333,6.226667
200,209715200,97,174.324000,197.438500,500.675083,7.352209
200,209715200,98,170.036917,169.800916,525.301292,7.072333
200,209715200,99,134.909417,165.827125,561.663791,7.326666
200,209715200,100,185.128541,190.739125,679.146166,8.125375
300,314572800,1,227.322791,1379.410042,1159.583083,16.304666
300,314572800,2,641.882834,3910.799666,1100.486666,12.763625
300,314572800,3,285.673833,321.259208,820.460292,11.129209
300,314572800,4,212.927459,281.611000,783.154542,10.368291
300,314572800,5,186.657500,207.334792,630.635208,9.176166
300,314572800,6,155.138333,189.238291,604.392291,8.666875
300,314572800,7,151.410167,188.040709,623.186791,8.656083
300,314572800,8,151.874583,188.930541,642.527209,8.752542
300,314572800,9,158.157541,193.443417,648.558458,9.832958
300,314572800,10,162.108667,195.318792,639.145792,8.835125
300,314572800,11,163.211417,193.124500,710.703166,18.523541
300,314572800,12,163.409458,252.388833,654.715250,9.327125
300,314572800,13,161.792958,214.259334,642.088042,16.295917
300,314572800,14,164.444792,213.534583,638.764083,8.634250
300,314572800,15,159.104834,195.230833,635.881667,9.003834
300,314572800,16,163.214458,187.942958,643.184292,8.849291
300,314572800,17,162.083416,189.058916,630.529208,8.953875
300,314572800,18,165.422083,193.126875,635.734250,8.874875
300,314572800,19,163.528458,196.631125,639.032167,8.919875
300,314572800,20,162.127292,208.720542,645.125500,8.942958
300,314572800,21,170.770042,200.030708,643.551209,9.284958
300,314572800,22,163.402917,200.782042,635.363084,8.893333
300,314572800,23,168.755292,218.078584,642.554750,8.876375
300,314572800,24,171.819125,208.912334,638.197791,9.456917
300,314572800,25,169.070000,203.825833,637.528375,8.987750
300,314572800,26,159.447166,201.255291,642.853042,9.253875
300,314572800,27,155.812959,195.580917,636.393084,9.884042
300,314572800,28,167.713209,224.819875,660.153667,9.406416
300,314572800,29,172.021458,221.515125,628.040833,9.427500
300,314572800,30,167.613541,200.104500,634.033375,8.804458
300,314572800,31,173.429292,204.828334,646.479959,8.990875
300,314572800,32,160.554084,185.987042,645.565167,9.027916
300,314572800,33,158.333166,194.133000,644.564500,8.936458
300,314572800,34,156.578166,194.747625,643.276583,8.934000
300,314572800,35,155.492041,193.375458,655.809125,8.993666
300,314572800,36,156.989875,194.099000,655.143542,9.027250
300,314572800,37,158.352250,194.558791,640.028375,9.000041
300,314572800,38,154.248709,190.594708,638.106541,9.063000
300,314572800,39,154.355959,188.451041,633.710917,8.943416
300,314572800,40,158.706750,189.595625,645.729000,8.963959
300,314572800,41,170.151959,194.551834,639.119750,8.946709
300,314572800,42,167.749167,192.293334,633.746084,8.875292
300,314572800,43,157.160875,193.963375,630.428208,8.930916
300,314572800,44,155.299791,191.460000,632.745125,8.734583
300,314572800,45,154.897833,194.786542,636.961792,8.775333
300,314572800,46,155.301125,190.772250,637.352542,18.323709
300,314572800,47,157.422667,190.382333,633.627208,18.932667
300,314572800,48,157.919916,191.981500,645.094333,9.386750
300,314572800,49,168.681000,197.487708,636.310708,8.811417
300,314572800,50,161.870375,189.142041,636.529041,8.843625
300,314572800,51,162.487500,197.080416,642.234041,8.764958
300,314572800,52,164.159791,204.564833,635.553333,8.872375
300,314572800,53,175.880458,200.185042,643.227708,9.831542
300,314572800,54,167.946334,211.793834,640.785250,8.978542
300,314572800,55,158.176334,197.058083,641.384167,8.967833
300,314572800,56,161.013917,197.867667,641.503000,9.035333
300,314572800,57,158.876792,199.056042,642.560875,9.229209
300,314572800,58,158.535334,188.235458,639.195167,9.831167
300,314572800,59,161.322375,202.963125,647.584709,9.039000
300,314572800,60,158.619459,219.745250,645.689208,8.984667
300,314572800,61,167.534416,202.823458,637.379333,10.420583
300,314572800,62,174.196542,223.239125,646.594916,8.971750
300,314572800,63,164.706417,225.742583,640.281250,8.828459
300,314572800,64,163.288958,183.833708,635.986750,8.767542
300,314572800,65,159.604167,189.957125,647.856625,8.981875
300,314572800,66,160.270833,190.886375,636.444583,9.115167
300,314572800,67,157.245292,185.321625,637.599833,8.889666
300,314572800,68,158.786250,186.148875,637.184250,9.095334
300,314572800,69,170.912542,195.854167,635.661541,9.125625
300,314572800,70,163.364667,187.361334,646.829458,8.980334
300,314572800,71,163.714958,186.366167,637.027916,9.436959
300,314572800,72,177.738208,189.993291,649.172250,8.969208
300,314572800,73,169.919542,188.317833,633.767166,9.108583
300,314572800,74,160.093541,188.955750,629.738666,8.826375
300,314572800,75,159.617375,189.932500,627.903542,8.895958
300,314572800,76,160.978333,186.841583,634.867042,18.893959
300,314572800,77,161.716709,188.825125,660.658167,9.224417
300,314572800,78,168.862250,214.646667,639.047708,18.316042
300,314572800,79,158.344292,192.452416,636.172000,12.828250
300,314572800,80,155.957417,189.052625,632.417083,8.757708
300,314572800,81,168.740833,187.950084,645.316125,9.967334
300,314572800,82,165.192458,187.351000,634.794500,8.897958
300,314572800,83,170.558166,190.700583,634.369750,9.004458
300,314572800,84,158.636042,195.354291,633.183708,9.077458
300,314572800,85,161.320250,187.890333,636.216250,8.868125
300,314572800,86,159.920916,203.926208,635.555333,8.922458
300,314572800,87,157.591500,201.935125,642.082250,9.824291
300,314572800,88,159.171500,205.595834,634.724667,9.104375
300,314572800,89,155.772959,203.560458,632.846250,8.762083
300,314572800,90,162.695833,198.031125,634.805750,8.731583
300,314572800,91,159.777250,185.874375,635.464834,9.143541
300,314572800,92,162.114500,187.756875,638.085417,9.219208
300,314572800,93,157.055459,190.773042,639.981541,9.326084
300,314572800,94,155.595417,189.452333,643.080375,8.923083
300,314572800,95,154.803375,189.204750,641.243334,8.863708
300,314572800,96,157.639250,210.101791,643.434792,9.012709
300,314572800,97,155.669875,187.604334,717.330750,11.029500
300,314572800,98,282.516958,316.249125,1724.417709,15.149750
300,314572800,99,817.853375,319.792666,880.058375,10.308667
300,314572800,100,233.638166,295.111834,678.879000,12.648042
400,419430400,1,243.940000,363.999584,884.897125,13.764250
400,419430400,2,235.860375,344.923583,1465.457791,19.399833
400,419430400,3,1292.007167,883.961875,995.799542,12.797250
400,419430400,4,218.280667,289.262375,809.912209,11.695875
400,419430400,5,199.131250,266.029916,820.408292,11.172000
400,419430400,6,196.363375,270.524000,818.783667,11.727542
400,419430400,7,202.905083,282.595208,906.734042,11.780500
400,419430400,8,258.446166,268.849833,869.839250,11.502334
400,419430400,9,202.157917,249.753083,833.708083,11.820459
400,419430400,10,203.778375,258.894416,847.036625,11.601209
400,419430400,11,260.038333,377.019834,1017.776750,17.916417
400,419430400,12,361.348792,687.169958,1096.347333,12.395958
400,419430400,13,221.856791,345.199334,815.888459,14.782542
400,419430400,14,207.257542,291.301166,1175.885792,16.904083
400,419430400,15,304.986916,406.065000,887.434916,12.352208
400,419430400,16,231.998542,261.605375,806.765208,11.696125
400,419430400,17,201.916750,244.167125,817.952667,11.572792
400,419430400,18,202.016625,268.416042,837.019250,12.126250
400,419430400,19,206.141625,248.376542,849.836792,11.961875
400,419430400,20,207.192958,261.305250,843.470459,11.643208
400,419430400,21,241.214125,274.318750,839.582792,12.141750
400,419430400,22,212.524250,323.830250,852.495791,11.856208
400,419430400,23,203.085750,262.558333,846.024042,11.528917
400,419430400,24,202.251000,256.059833,840.738417,11.968250
400,419430400,25,205.753542,271.365125,854.546625,11.965958
400,419430400,26,216.738125,254.061041,845.907000,11.895167
400,419430400,27,210.810125,244.000000,842.503625,11.801958
400,419430400,28,202.201416,301.734834,875.507958,12.107125
400,419430400,29,214.489583,270.219416,854.644833,11.923000
400,419430400,30,208.390750,268.473042,864.407542,11.983916
400,419430400,31,266.188917,309.428541,868.858708,12.307250
400,419430400,32,212.448792,315.311625,868.756292,11.905333
400,419430400,33,206.919833,277.334291,849.266959,11.736167
400,419430400,34,203.849833,307.274959,842.284875,11.732208
400,419430400,35,203.040291,246.673167,843.915167,11.917833
400,419430400,36,206.572958,258.717000,863.360125,11.906084
400,419430400,37,209.142625,252.188709,841.993167,23.955375
400,419430400,38,207.982750,261.375250,838.199583,23.796125
400,419430400,39,204.830333,243.587792,842.527916,11.889959
400,419430400,40,204.883750,242.604042,843.201459,11.740000
400,419430400,41,226.582167,244.971709,844.861833,12.110958
400,419430400,42,204.547375,251.193458,856.484042,11.735709
400,419430400,43,202.818375,245.237000,847.434209,11.843709
400,419430400,44,201.911916,240.005458,845.083250,11.799250
400,419430400,45,201.107416,262.496541,838.279625,11.639125
400,419430400,46,207.563333,245.324667,852.804125,11.939041
400,419430400,47,212.601125,252.065459,855.239042,11.548500
400,419430400,48,204.124167,250.513125,840.701000,11.727209
400,419430400,49,208.186959,252.214209,839.103959,11.999917
400,419430400,50,207.628459,264.570708,841.209833,11.740625
400,419430400,51,224.656459,250.284458,860.278459,11.540959
400,419430400,52,205.574875,248.479209,868.936208,11.981750
400,419430400,53,205.992125,283.746792,837.399791,11.497916
400,419430400,54,208.141709,247.409042,830.621875,11.586666
400,419430400,55,205.227084,249.046375,842.906166,11.733750
400,419430400,56,212.174125,266.510708,834.204125,11.614041
400,419430400,57,210.075167,243.280792,824.695542,11.575333
400,419430400,58,201.446208,256.773166,811.437250,12.061000
400,419430400,59,204.364416,254.161750,826.157125,11.616417
400,419430400,60,200.582417,273.524875,824.001709,11.739792
400,419430400,61,228.227584,302.759250,841.464209,12.035958
400,419430400,62,208.996625,270.836125,848.201375,11.921958
400,419430400,63,203.140000,258.775208,837.632209,11.578042
400,419430400,64,205.851541,290.239458,836.688042,11.646959
400,419430400,65,204.970542,252.917125,832.691791,11.674917
400,419430400,66,202.186916,250.883291,837.162959,11.553167
400,419430400,67,201.387209,265.092875,834.089833,11.693125
400,419430400,68,203.123542,244.073250,921.782500,15.554375
400,419430400,69,357.044625,344.698166,879.328959,11.826250
400,419430400,70,218.363583,274.362083,824.478542,11.671334
400,419430400,71,227.678750,251.008042,828.531709,11.727333
400,419430400,72,199.638792,245.003916,837.242750,11.650042
400,419430400,73,198.496334,275.513167,832.886209,12.086208
400,419430400,74,231.567791,326.405125,855.277125,12.090500
400,419430400,75,208.734417,244.756875,856.333792,12.702917
400,419430400,76,217.878875,334.227541,828.882958,11.744000
400,419430400,77,205.613959,247.826958,846.261792,11.748708
400,419430400,78,201.706667,258.219250,841.322250,11.665542
400,419430400,79,203.995291,260.991125,841.254375,11.624750
400,419430400,80,200.197667,278.869667,833.353750,24.677000
400,419430400,81,239.114875,253.139917,858.298333,11.885083
400,419430400,82,206.963500,247.531625,837.211917,23.883958
400,419430400,83,205.453875,250.764833,827.644625,11.662000
400,419430400,84,205.796875,273.241750,836.300917,11.655875
400,419430400,85,207.204916,248.886000,840.324917,11.704583
400,419430400,86,201.982875,245.899917,836.795709,11.656917
400,419430400,87,199.874833,264.841709,831.941708,11.576875
400,419430400,88,198.018375,244.552000,837.936583,11.755541
400,419430400,89,201.112458,250.213042,833.952750,11.573750
400,419430400,90,200.898333,250.500042,842.079542,11.610250
400,419430400,91,227.108250,262.879458,841.331875,11.669333
400,419430400,92,209.688833,243.036542,845.926959,11.625875
400,419430400,93,202.872292,241.144042,833.387583,11.546667
400,419430400,94,203.969666,248.641500,863.657459,11.609917
400,419430400,95,204.268542,248.882125,832.224708,11.772834
400,419430400,96,205.224833,264.250708,830.496875,11.517583
400,419430400,97,202.472542,246.191542,845.078917,11.747042
400,419430400,98,203.888625,263.630000,838.734917,11.607833
400,419430400,99,208.657917,244.833083,844.331708,11.971125
400,419430400,100,202.640875,252.189792,844.047958,11.588708
500,524288000,1,282.077042,383.019625,1035.851750,14.636750
500,524288000,2,259.569792,337.707708,1025.419042,14.607250
500,524288000,3,271.070542,428.625958,1038.792667,14.576667
500,524288000,4,259.394000,323.052000,1044.138875,15.465042
500,524288000,5,285.231291,347.832625,1054.306250,14.771250
500,524288000,6,253.460625,320.728541,1070.581000,14.684916
500,524288000,7,259.128417,374.549125,1061.328417,14.670875
500,524288000,8,264.525625,302.668667,1086.226792,14.409666
500,524288000,9,253.824708,310.573833,1063.646291,14.820916
500,524288000,10,260.467833,345.719917,1058.648625,14.846166
500,524288000,11,290.078041,303.699625,1081.231375,14.736417
500,524288000,12,257.397250,446.352209,1612.038417,20.301042
500,524288000,13,393.808250,411.071375,1053.494084,14.593750
500,524288000,14,248.551167,317.381500,1019.194250,14.973416
500,524288000,15,254.556584,316.516584,1151.427291,16.378292
500,524288000,16,340.001833,425.427375,1072.223000,15.020417
500,524288000,17,271.957625,333.469750,1068.766708,23.637333
500,524288000,18,271.393375,349.188375,1049.562042,14.821167
500,524288000,19,265.220833,338.305459,1074.701834,14.856417
500,524288000,20,260.700333,327.513292,1089.483625,14.709916
500,524288000,21,285.813083,318.058292,1084.250167,14.779875
500,524288000,22,256.838250,317.002000,1042.950292,14.907417
500,524288000,23,259.838708,318.072875,1159.829375,14.931833
500,524288000,24,268.256875,329.809125,1088.702417,14.816500
500,524288000,25,255.018833,323.909167,1065.461542,14.792083
500,524288000,26,262.448584,314.257584,1083.513500,14.797250
500,524288000,27,259.368000,350.255709,1073.039625,15.061333
500,524288000,28,267.375583,341.605417,1077.555417,14.777958
500,524288000,29,259.461042,313.346459,1086.920208,14.746458
500,524288000,30,253.800959,345.939500,1072.936042,14.754291
500,524288000,31,280.482750,321.858292,1084.006583,14.792584
500,524288000,32,261.041042,311.715208,1087.869208,14.908458
500,524288000,33,255.984209,310.531041,1070.600000,14.917792
500,524288000,34,257.622833,335.680375,1083.954625,14.713667
500,524288000,35,253.870083,301.482542,1090.817041,14.692500
500,524288000,36,273.596084,317.581417,1064.106666,14.799583
500,524288000,37,276.399667,358.408500,1059.808708,14.764583
500,524288000,38,271.889000,305.091542,1072.736500,14.771833
500,524288000,39,259.218792,320.520917,1064.724375,14.857750
500,524288000,40,263.620000,307.535375,1084.121791,14.936500
500,524288000,41,281.398417,314.753250,1083.576834,14.810459
500,524288000,42,264.821375,327.453334,1081.188584,14.982834
500,524288000,43,263.296833,339.899833,1069.021000,14.770875
500,524288000,44,260.284250,321.891167,1074.248417,14.889541
500,524288000,45,269.685042,320.189958,1089.075250,14.706625
500,524288000,46,262.448042,343.334417,1076.854625,14.838792
500,524288000,47,258.680542,319.424000,1076.726791,14.822792
500,524288000,48,263.284292,313.137500,1087.006416,14.706833
500,524288000,49,273.839792,357.997625,1080.112333,14.734333
500,524288000,50,263.639125,317.236250,1075.821458,14.724709
500,524288000,51,284.139625,317.726792,1110.210334,16.293208
500,524288000,52,302.631459,359.461167,1045.732333,14.600292
500,524288000,53,266.079416,340.098042,1053.630208,14.827292
500,524288000,54,263.947750,323.496542,1091.559458,15.361708
500,524288000,55,274.257250,364.387417,1085.402000,14.934375
500,524288000,56,270.428292,338.098166,1094.841000,14.667958
500,524288000,57,262.448209,311.650417,1082.395958,14.795167
500,524288000,58,258.535208,316.501542,1075.942416,14.920583
500,524288000,59,267.244958,317.797625,1079.339542,14.707125
500,524288000,60,255.638458,304.654792,1049.837459,15.044708
500,524288000,61,281.849000,316.039042,1069.323333,14.813584
500,524288000,62,264.447667,305.968084,1087.338459,15.453583
500,524288000,63,273.484375,322.319292,1086.450875,14.689291
500,524288000,64,269.083125,319.753792,1112.455416,15.294084
500,524288000,65,276.387375,333.446542,1081.199875,14.832583
500,524288000,66,256.702875,310.716750,1059.605959,14.641792
500,524288000,67,281.339833,351.810917,1067.108667,14.690334
500,524288000,68,266.204750,320.395334,1098.952625,16.261708
500,524288000,69,288.885750,344.894916,1081.244333,14.880375
500,524288000,70,257.665291,312.176000,1060.229167,14.632833
500,524288000,71,282.429417,310.680833,1091.917375,15.963166
500,524288000,72,291.509792,351.384750,1046.755584,14.788375
500,524288000,73,262.541792,306.386750,1067.143125,14.771209
500,524288000,74,259.642250,314.843417,1058.464584,14.918917
500,524288000,75,260.546834,309.602875,1088.880584,14.974833
500,524288000,76,263.249708,335.949458,1067.368750,15.714958
500,524288000,77,292.502125,343.609167,1078.170625,14.888208
500,524288000,78,264.049625,315.868584,1078.592916,14.709042
500,524288000,79,292.620625,319.110833,1065.628584,14.881166
500,524288000,80,258.305084,313.632291,1066.148334,14.806666
500,524288000,81,280.026375,314.603417,1070.640083,14.874417
500,524288000,82,256.006834,325.373792,1042.518541,14.796750
500,524288000,83,263.023041,313.551792,1057.661292,15.241125
500,524288000,84,265.920542,326.984208,1068.034083,14.870709
500,524288000,85,300.386250,339.039583,1071.391417,14.932208
500,524288000,86,262.504500,315.318875,1054.778042,14.637792
500,524288000,87,269.344833,325.056583,1094.661084,14.916417
500,524288000,88,270.934375,332.019541,1069.446750,15.452917
500,524288000,89,266.123458,314.931834,1074.457834,15.090583
500,524288000,90,254.415000,309.213500,1068.098500,14.852917
500,524288000,91,310.783333,320.705209,1087.443834,14.830709
500,524288000,92,286.850834,311.795833,1073.584250,14.982791
500,524288000,93,271.013958,323.664417,1058.436708,14.807625
500,524288000,94,259.008833,314.164750,1063.779875,17.682000
500,524288000,95,298.546125,336.023667,1090.485333,14.847541
500,524288000,96,264.068500,323.447833,1072.050250,14.756292
500,524288000,97,271.414625,308.500666,1154.063959,17.232750
500,524288000,98,471.302250,476.504416,1146.946500,14.730417
500,524288000,99,279.822375,335.753083,1039.613750,14.402083
500,524288000,100,262.842625,314.524959,1050.031292,14.760958
600,629145600,1,317.584208,477.595417,1287.162416,17.711500
600,629145600,2,329.743833,397.229709,1287.452583,17.801500
600,629145600,3,313.014750,387.442916,1292.300833,17.748792
600,629145600,4,324.464709,404.427417,3414.537417,78.336042
600,629145600,5,2364.934792,2450.176333,1914.846916,19.538042
600,629145600,6,334.160125,481.903000,1244.676625,18.507083
600,629145600,7,325.902000,443.202917,1288.120375,19.094125
600,629145600,8,326.465417,411.185292,1285.195125,18.271000
600,629145600,9,328.086458,396.103500,1332.083208,18.647292
600,629145600,10,343.055792,422.898916,1317.605041,18.326209
600,629145600,11,350.288750,398.382916,1304.441375,19.919875
600,629145600,12,339.092333,440.443250,1289.876500,18.891208
600,629145600,13,324.614208,436.662208,1282.718792,18.408000
600,629145600,14,332.034166,449.468417,1335.202167,19.541708
600,629145600,15,377.659500,561.663541,1299.754750,18.187125
600,629145600,16,335.034208,443.302542,1329.137959,18.436375
600,629145600,17,325.619917,435.192292,1307.783875,18.398750
600,629145600,18,324.865250,438.088292,1303.470041,18.374417
600,629145600,19,327.765792,469.351584,1318.428709,18.288916
600,629145600,20,325.127083,435.804458,1316.305250,17.733417
600,629145600,21,335.428042,510.127125,1354.432708,19.171458
600,629145600,22,338.906250,398.107416,1423.804250,25.263041
600,629145600,23,477.618750,528.380167,1461.468291,19.542000
600,629145600,24,413.727625,1152.002917,1778.400209,19.132875
600,629145600,25,338.945083,689.250833,1244.675875,17.790417
600,629145600,26,323.404833,447.214917,1333.504417,18.170375
600,629145600,27,322.871750,456.139291,1313.053792,18.047375
600,629145600,28,322.634500,426.324750,1315.912500,19.427208
600,629145600,29,356.459250,528.314625,1471.454333,21.766000
600,629145600,30,432.534250,487.355375,1312.103292,17.740583
600,629145600,31,347.362750,417.403250,1322.606417,18.573959
600,629145600,32,332.535208,468.702917,1333.977208,18.210000
600,629145600,33,337.037375,456.137583,1332.432166,18.585000
600,629145600,34,331.528125,472.527917,1323.476083,18.204708
600,629145600,35,340.347625,455.832583,1374.841375,18.341541
600,629145600,36,323.055500,375.135666,1390.973041,18.365167
600,629145600,37,342.584500,415.378500,1360.558500,22.872084
600,629145600,38,516.709833,512.828792,1356.117125,18.816500
600,629145600,39,324.647917,384.842958,1301.430584,17.819417
600,629145600,40,322.039458,405.608834,1318.129458,18.155875
600,629145600,41,368.009541,485.857625,1347.891041,18.789541
600,629145600,42,367.313083,443.853791,1333.330667,17.892375
600,629145600,43,325.236500,506.622750,1300.754333,18.081458
600,629145600,44,328.119708,431.832291,1340.247625,19.097875
600,629145600,45,341.060334,421.837875,1315.841459,18.333875
600,629145600,46,328.258250,416.127292,1313.927084,18.548792
600,629145600,47,330.284375,412.507083,1325.266500,18.063709
600,629145600,48,330.804875,407.701792,1309.416959,18.159834
600,629145600,49,332.778041,418.306000,1317.733667,18.308500
600,629145600,50,325.154208,467.431084,1318.052792,18.381208
600,629145600,51,360.257916,426.980750,1390.897708,19.431834
600,629145600,52,346.979708,443.805792,1322.949209,18.159166
600,629145600,53,323.150791,440.906333,1332.291333,18.337417
600,629145600,54,328.079459,427.447083,1360.741083,18.384416
600,629145600,55,334.924000,417.003750,1346.019833,18.274458
600,629145600,56,324.085209,398.255875,1322.514042,18.428375
600,629145600,57,327.643708,442.763083,1330.167042,18.957375
600,629145600,58,359.968333,465.534833,1300.241125,18.341959
600,629145600,59,327.334833,452.936250,1313.732667,18.394208
600,629145600,60,353.292541,418.940750,1364.975875,19.185125
600,629145600,61,358.987750,442.897958,1340.076209,18.373333
600,629145600,62,342.152083,459.744959,1324.378167,18.318417
600,629145600,63,329.303625,459.643667,1320.558041,18.501125
600,629145600,64,345.801875,421.546916,1334.646167,19.554542
600,629145600,65,332.181750,386.465959,1376.503834,18.582250
600,629145600,66,350.470917,405.974458,1318.915792,18.704791
600,629145600,67,334.844333,408.773334,1329.819875,18.478042
600,629145600,68,333.780250,407.293833,1332.928750,18.263375
600,629145600,69,322.930167,390.440417,1324.683291,18.358542
600,629145600,70,322.444791,405.694042,1346.409042,18.330625
600,629145600,71,343.408375,397.349666,1360.381958,18.522167
600,629145600,72,364.691083,421.706042,1321.595875,18.125542
600,629145600,73,326.124625,402.009833,1333.349083,18.632833
600,629145600,74,325.297500,415.722167,1324.399125,18.564916
600,629145600,75,333.162917,399.922833,1303.052209,18.353792
600,629145600,76,322.803667,388.285167,1316.840208,21.039959
600,629145600,77,383.005084,474.893375,1366.102000,18.397375
600,629145600,78,324.240500,467.388292,1313.843916,17.932750
600,629145600,79,322.949916,432.868417,1351.825167,19.251875
600,629145600,80,367.940042,491.825541,1346.310417,18.449417
600,629145600,81,357.089625,579.170916,1330.079042,18.224833
600,629145600,82,333.088291,414.380750,1337.737833,18.424417
600,629145600,83,338.151041,408.642542,1338.999250,18.830375
600,629145600,84,327.167541,410.023667,1308.958958,18.296166
600,629145600,85,324.371708,408.254625,1333.723792,18.312750
600,629145600,86,324.394125,404.449750,1344.232959,18.253916
600,629145600,87,327.261291,422.512584,1331.626167,18.271542
600,629145600,88,327.877708,408.326375,1341.124041,18.459125
600,629145600,89,322.426542,402.741167,1334.356084,18.234084
600,629145600,90,333.662125,417.540834,1364.959209,18.483709
600,629145600,91,344.946292,404.152458,1361.582875,18.320250
600,629145600,92,326.961291,406.379500,1343.730084,18.139375
600,629145600,93,333.910125,437.233459,1360.613459,18.394250
600,629145600,94,330.858042,406.571750,1351.586291,18.301167
600,629145600,95,325.723541,404.334083,1366.190125,18.316292
600,629145600,96,328.444208,406.404750,1353.321292,18.404042
600,629145600,97,324.698917,460.781333,1335.554667,18.453542
600,629145600,98,331.532750,418.329042,1416.023084,20.116000
600,629145600,99,369.607542,414.612250,1337.411083,18.438167
600,629145600,100,329.511834,409.837250,1349.115250,18.182958
700,734003200,1,394.364583,558.148750,1647.052792,24.287709
700,734003200,2,599.986417,1137.225083,1581.613333,21.843542
700,734003200,3,397.502666,476.951333,1591.554291,22.527500
700,734003200,4,384.661000,510.628583,1534.819333,23.423542
700,734003200,5,458.042625,521.179208,1628.508709,21.582459
700,734003200,6,382.926333,475.541417,1553.430583,21.205625
700,734003200,7,392.818792,598.178375,1618.653250,21.863792
700,734003200,8,382.413167,481.101125,1607.204333,21.788875
700,734003200,9,404.205500,501.313958,1737.825708,39.836833
700,734003200,10,683.370208,1422.830167,2283.268917,31.424875
700,734003200,11,775.886542,946.251292,1553.018958,22.980583
700,734003200,12,384.945709,603.709250,1572.259875,22.276083
700,734003200,13,426.243750,526.118916,1661.728584,21.428458
700,734003200,14,385.306167,477.464667,1551.555000,21.236125
700,734003200,15,378.687416,485.986250,1594.053041,21.153125
700,734003200,16,377.936875,459.817250,1570.546000,21.211708
700,734003200,17,377.489584,481.992125,1576.181416,22.622958
700,734003200,18,404.323750,482.759708,1576.027167,21.097750
700,734003200,19,379.393750,488.126792,1583.396958,21.265250
700,734003200,20,376.529875,471.887458,1564.356542,21.297250
700,734003200,21,427.691167,648.988834,1703.975208,22.710375
700,734003200,22,397.969542,519.553459,1545.074166,21.246792
700,734003200,23,382.436791,483.840708,1573.601459,21.232083
700,734003200,24,385.914458,473.614167,1526.636625,21.197250
700,734003200,25,381.880041,470.083916,1535.670166,21.286417
700,734003200,26,376.635708,464.803000,1547.399583,21.788792
700,734003200,27,381.027292,447.417208,1560.706875,21.216333
700,734003200,28,375.993791,446.149959,1548.952750,21.802042
700,734003200,29,377.730916,477.370750,1569.714167,21.360208
700,734003200,30,391.610083,459.648750,1557.631458,21.252917
700,734003200,31,416.475709,516.819792,1664.956041,21.243208
700,734003200,32,381.389083,481.021667,1551.407833,21.136458
700,734003200,33,380.769750,463.893333,1567.133458,22.839792
700,734003200,34,432.080791,519.078916,1513.720167,22.733834
700,734003200,35,401.558375,555.257208,1543.546000,21.194458
700,734003200,36,382.514709,489.188167,1532.641208,21.233167
700,734003200,37,384.645375,467.249208,1523.009792,21.166000
700,734003200,38,380.616833,490.972042,1537.427875,21.488917
700,734003200,39,385.736625,467.729583,1548.115667,21.175625
700,734003200,40,377.713333,460.536291,1535.325292,21.302333
700,734003200,41,415.343834,527.720792,1625.084334,21.306792
700,734003200,42,387.549667,488.684416,1515.929542,20.802917
700,734003200,43,380.834584,480.057709,1554.315416,21.226250
700,734003200,44,383.326250,795.859709,2087.903917,34.945666
700,734003200,45,647.488667,766.233250,1493.950209,20.780417
700,734003200,46,391.919834,545.855833,1606.987833,22.503458
700,734003200,47,386.016167,511.940708,1537.023333,21.606042
700,734003200,48,388.373083,499.275042,1574.702583,21.535667
700,734003200,49,383.767667,485.863458,1584.268250,21.284208
700,734003200,50,385.246958,465.377166,1576.033458,21.375167
700,734003200,51,418.764625,534.876583,1738.693875,22.851292
700,734003200,52,407.448208,518.346958,1545.871375,22.076375
700,734003200,53,381.361666,489.682500,1608.685875,22.000291
700,734003200,54,389.243250,475.714375,1644.251167,24.074750
700,734003200,55,492.088000,568.685375,1796.336708,22.298666
700,734003200,56,387.982625,464.431709,1692.526250,21.687834
700,734003200,57,381.655958,471.670375,1602.976500,22.142625
700,734003200,58,379.509875,540.638208,1667.539208,22.931750
700,734003200,59,390.018083,496.974916,1565.372666,22.313167
700,734003200,60,388.379416,500.297208,1604.246417,22.807334
700,734003200,61,428.117041,520.884542,1724.146625,22.650791
700,734003200,62,399.303333,494.693292,1595.088750,21.495291
700,734003200,63,391.428250,500.908792,1606.037916,23.332375
700,734003200,64,411.136667,527.855167,1658.351459,25.255875
700,734003200,65,437.544875,513.391291,1727.094875,22.138542
700,734003200,66,393.677542,490.052209,1588.017625,22.022250
700,734003200,67,385.899292,502.074708,1704.639125,23.968250
700,734003200,68,476.757625,525.910000,1626.441750,22.249708
700,734003200,69,393.878334,503.665083,1591.361875,22.333709
700,734003200,70,410.527125,657.044583,1599.281625,22.000291
700,734003200,71,453.912208,687.299458,1712.437875,21.966000
700,734003200,72,414.678209,476.014667,1600.821416,22.051416
700,734003200,73,384.935417,545.515250,1665.129792,22.795333
700,734003200,74,424.323833,491.854541,1639.017500,22.340916
700,734003200,75,390.860709,672.032792,1711.916625,30.244791
700,734003200,76,537.083375,1048.568625,3341.900250,23.415125
700,734003200,77,465.828084,499.634709,1605.834042,22.612125
700,734003200,78,400.012250,492.941792,1676.660500,22.274125
700,734003200,79,411.531709,759.192167,1669.309208,22.297583
700,734003200,80,408.067292,481.607458,1650.065291,22.132000
700,734003200,81,468.796750,560.739292,1718.759958,22.906167
700,734003200,82,487.622917,588.609958,1603.033958,22.417541
700,734003200,83,408.667958,599.604125,1701.914583,23.103917
700,734003200,84,422.744000,780.773875,1681.416000,22.439250
700,734003200,85,432.520500,1095.174083,1987.041917,25.135250
700,734003200,86,497.085084,1163.116500,2559.722041,29.405375
700,734003200,87,510.180125,1381.158000,1604.805041,23.163916
700,734003200,88,406.228209,760.889250,1670.150542,21.949625
700,734003200,89,400.259375,528.556583,1625.196916,22.265791
700,734003200,90,475.439250,572.885292,1656.229584,22.320834
700,734003200,91,485.006416,720.336625,1706.965792,21.966417
700,734003200,92,403.565709,481.902834,1617.276917,22.436875
700,734003200,93,394.874416,492.632708,1668.729375,22.873666
700,734003200,94,402.643041,481.727083,1619.898250,22.147875
700,734003200,95,384.106042,527.910750,1628.151208,22.229625
700,734003200,96,428.636292,488.480542,1667.174125,22.288917
700,734003200,97,413.628375,690.021375,1635.212417,22.213167
700,734003200,98,386.831375,543.898917,1804.112709,23.681375
700,734003200,99,422.541125,573.042375,1681.045084,22.565666
700,734003200,100,444.064583,574.947709,1733.704083,22.053000
800,838860800,1,493.161750,796.113250,2039.794167,25.353375
800,838860800,2,457.462584,547.824125,1858.015208,25.853375
800,838860800,3,476.661542,659.716958,1899.082750,25.780541
800,838860800,4,506.535667,702.760459,1830.319250,25.356334
800,838860800,5,451.425917,620.034791,1843.930584,25.389250
800,838860800,6,484.321667,656.593458,1860.082458,25.390208
800,838860800,7,440.545458,589.482417,1851.254167,25.767833
800,838860800,8,453.782083,683.152875,1854.913459,25.395250
800,838860800,9,448.152209,622.345250,1871.192917,25.556500
800,838860800,10,486.828375,663.766250,1838.702208,25.243833
800,838860800,11,583.305291,734.983542,1928.813666,25.441209
800,838860800,12,445.664458,615.464167,1915.847250,25.959542
800,838860800,13,498.875042,563.876750,1857.075625,25.219167
800,838860800,14,488.228334,652.699083,2143.295542,25.888583
800,838860800,15,446.956750,834.543250,1819.761459,56.304209
800,838860800,16,454.622208,580.118416,1917.012166,25.366542
800,838860800,17,461.358916,567.060417,1846.131667,25.633584
800,838860800,18,445.423833,556.253000,1901.317709,26.226416
800,838860800,19,469.067750,567.797125,1896.701625,25.484708
800,838860800,20,464.393625,576.538625,1842.955709,31.219000
800,838860800,21,597.984750,755.790666,1919.398291,25.386959
800,838860800,22,456.161958,594.399000,1829.984333,25.416459
800,838860800,23,448.150167,570.550292,1879.841417,25.586583
800,838860800,24,448.601709,559.522334,1884.315042,26.348583
800,838860800,25,500.364458,646.770167,1880.146458,25.360375
800,838860800,26,453.812334,553.135417,1912.959042,28.506083
800,838860800,27,469.735375,568.609375,1862.827167,25.589584
800,838860800,28,468.433500,563.475167,1873.210166,25.705584
800,838860800,29,456.038375,558.030542,1905.317250,25.902917
800,838860800,30,452.090625,559.636375,1864.605750,25.328458
800,838860800,31,490.705875,632.676000,1950.883542,25.342917
800,838860800,32,448.650334,548.288500,1993.162709,35.328125
800,838860800,33,661.669416,668.609000,1887.452125,25.804750
800,838860800,34,462.885333,545.154750,1819.920167,25.572416
800,838860800,35,448.991750,543.360042,1870.726708,25.771917
800,838860800,36,560.751291,571.202000,1929.860625,27.005125
800,838860800,37,555.288250,601.418041,1871.354458,25.552000
800,838860800,38,469.246959,529.109125,1895.476709,25.370000
800,838860800,39,455.848875,558.742125,1903.114292,25.267166
800,838860800,40,455.729625,552.173375,1885.779500,26.850000
800,838860800,41,564.034083,674.562834,1863.128500,25.482708
800,838860800,42,468.713334,581.645916,1892.614916,25.531000
800,838860800,43,451.746125,650.243334,2338.321625,26.875000
800,838860800,44,540.540250,617.682834,1900.559500,32.387834
800,838860800,45,667.593125,1038.881250,3221.329666,53.164542
800,838860800,46,912.961125,3438.869000,2612.513792,26.807917
800,838860800,47,520.815292,971.872958,1986.850000,25.442208
800,838860800,48,458.512292,835.173750,1927.062292,26.193417
800,838860800,49,468.162458,588.736500,1937.354291,25.610000
800,838860800,50,499.585917,570.444792,1957.563083,25.605750
800,838860800,51,527.198584,688.894583,2043.776166,25.788791
800,838860800,52,490.681708,646.996000,2096.135667,28.742958
800,838860800,53,538.403917,1100.621666,1929.189334,26.591500
800,838860800,54,489.182208,856.956292,2342.923667,26.064209
800,838860800,55,477.119000,609.561917,1885.981875,26.572167
800,838860800,56,498.352375,598.970250,1934.945750,27.016084
800,838860800,57,475.210708,572.969375,2013.425708,31.270958
800,838860800,58,607.840958,740.490542,1905.845375,26.570375
800,838860800,59,458.894792,580.006375,1912.942542,26.453125
800,838860800,60,475.837250,578.388542,1927.584042,25.985709
800,838860800,61,584.343958,782.741959,1957.347708,25.754041
800,838860800,62,448.835084,552.219708,1884.401083,27.912666
800,838860800,63,507.205500,620.097500,2056.577000,27.536583
800,838860800,64,495.495875,994.566500,1933.407959,27.032917
800,838860800,65,531.004375,712.301541,1836.343458,25.625625
800,838860800,66,472.658250,602.696834,1900.745375,25.555833
800,838860800,67,638.268375,764.103417,1887.194583,25.511833
800,838860800,68,473.386417,612.403125,1904.179208,25.365416
800,838860800,69,452.188250,570.601417,1899.090417,30.084583
800,838860800,70,536.673417,655.939209,1878.989583,26.674250
800,838860800,71,577.420958,944.723917,1951.692458,25.457750
800,838860800,72,460.299625,567.869417,1857.942750,25.541209
800,838860800,73,646.956042,703.575125,1961.317083,25.400083
800,838860800,74,464.865375,586.613375,1879.183542,25.464167
800,838860800,75,481.661875,702.148000,1874.754875,25.730875
800,838860800,76,450.942708,585.138167,1992.290209,26.065083
800,838860800,77,550.294792,640.356208,1859.950917,26.034333
800,838860800,78,703.151042,1050.353292,2149.239625,25.847083
800,838860800,79,485.342000,798.895333,1849.727042,25.321709
800,838860800,80,447.912625,681.896333,1921.160667,25.444959
800,838860800,81,540.859000,657.141792,1934.057000,25.273584
800,838860800,82,443.901083,810.207042,1976.132333,26.014833
800,838860800,83,467.176375,557.200667,1906.412583,25.488875
800,838860800,84,461.217792,546.971083,1941.336125,25.602041
800,838860800,85,492.161875,719.691417,1875.734000,25.763375
800,838860800,86,497.362458,597.377500,1885.345084,25.812500
800,838860800,87,456.086666,555.945500,1904.475083,25.698333
800,838860800,88,506.718417,567.179250,1873.278458,26.420917
800,838860800,89,466.445167,528.638833,1916.879291,25.542084
800,838860800,90,459.230542,538.569375,1875.423333,25.381417
800,838860800,91,544.777375,770.881625,2022.999750,29.657875
800,838860800,92,483.683916,574.823709,1910.240708,25.356791
800,838860800,93,446.614916,554.337584,2064.285375,26.583291
800,838860800,94,473.238166,551.581333,1877.272958,25.278834
800,838860800,95,448.827083,554.963500,1881.124750,25.350667
800,838860800,96,452.463625,555.930875,1945.572375,25.511125
800,838860800,97,481.582375,678.256500,1885.498375,25.718250
800,838860800,98,452.122458,602.352875,1913.531167,25.840959
800,838860800,99,453.034208,559.741291,1893.811375,25.574750
800,838860800,100,516.705625,663.195208,1831.241041,25.604083
900,943718400,1,560.140083,832.898709,2376.366167,28.495208
900,943718400,2,548.519541,1931.830958,2492.046209,28.398083
900,943718400,3,622.707292,1205.153666,2250.518334,28.645583
900,943718400,4,503.132583,953.509708,2230.697208,28.949958
900,943718400,5,729.366375,1370.420750,2483.909584,28.953083
900,943718400,6,520.132917,896.272625,2109.273375,28.322625
900,943718400,7,573.706958,709.804834,2126.525208,28.526417
900,943718400,8,519.813042,1837.116000,2602.359667,28.747833
900,943718400,9,536.723833,1069.894084,2105.892750,28.609417
900,943718400,10,526.150584,671.207000,2116.552708,28.425625
900,943718400,11,639.258250,819.917000,2184.151209,29.029000
900,943718400,12,502.339375,645.119916,2183.426083,28.848791
900,943718400,13,528.569542,643.861333,2153.312459,29.113834
900,943718400,14,567.682542,686.209208,2164.582833,28.384417
900,943718400,15,515.834000,609.141959,2130.668750,31.410208
900,943718400,16,631.502625,715.877625,2721.844375,57.932791
900,943718400,17,1380.841333,734.165125,2112.619875,29.682084
900,943718400,18,621.685875,696.911542,2180.736125,28.395583
900,943718400,19,502.143167,605.458750,2519.869750,42.016166
900,943718400,20,1326.863542,865.203166,2076.513833,29.000833
900,943718400,21,670.414750,839.899583,2174.404791,29.021792
900,943718400,22,507.618417,639.494500,2158.374000,28.970458
900,943718400,23,542.396125,711.046000,2310.076042,37.367209
900,943718400,24,776.442334,1224.460708,2736.926917,33.303291
900,943718400,25,969.758833,702.704959,2417.577083,32.279291
900,943718400,26,791.097792,1465.389333,2111.791500,28.358875
900,943718400,27,502.139833,625.925875,2178.332958,29.887958
900,943718400,28,526.562000,937.422792,2253.165583,31.004833
900,943718400,29,720.479875,1164.225708,2703.647084,38.658083
900,943718400,30,758.936500,952.886166,2166.769458,28.496208
900,943718400,31,610.569166,901.038834,2449.848833,30.831583
900,943718400,32,592.848625,1564.615291,2312.585583,29.965542
900,943718400,33,608.179583,1555.124292,2145.002542,28.897209
900,943718400,34,509.283500,811.963166,2240.029917,28.991291
900,943718400,35,534.273584,1335.088375,2327.104500,28.826250
900,943718400,36,532.161084,1034.805833,2253.847500,30.309625
900,943718400,37,811.848375,1089.418083,2121.198542,28.890916
900,943718400,38,522.774209,613.275875,2240.197875,28.770209
900,943718400,39,521.085084,628.982083,2231.991458,29.150542
900,943718400,40,539.736250,1084.630000,2201.342417,29.753458
900,943718400,41,620.400958,738.429625,2178.488583,29.768500
900,943718400,42,553.980458,695.700917,2145.820000,28.841417
900,943718400,43,506.523083,631.846375,2224.921250,28.815959
900,943718400,44,547.288708,738.330583,2150.638000,28.800000
900,943718400,45,520.601958,612.772375,2190.557584,29.131666
900,943718400,46,524.524625,621.443125,2123.140208,30.061917
900,943718400,47,545.904458,653.990208,2169.612917,28.667208
900,943718400,48,525.365125,935.850959,2447.332000,61.945167
900,943718400,49,638.061958,716.444416,2064.646584,30.415167
900,943718400,50,548.860792,642.345333,2192.085709,32.671708
900,943718400,51,772.016209,5892.957125,3986.013916,50.487833
900,943718400,52,2017.929541,4099.311959,2345.822500,30.409875
900,943718400,53,598.546334,1353.729125,2306.539125,29.239625
900,943718400,54,530.078416,703.917916,2442.259583,29.025125
900,943718400,55,513.245250,932.642542,2160.000416,29.273125
900,943718400,56,554.878333,1729.423250,2412.445375,30.028625
900,943718400,57,566.284000,1510.381666,2082.456750,30.166125
900,943718400,58,553.484959,636.730667,2174.039917,28.512917
900,943718400,59,527.787541,660.790000,2123.437208,28.897584
900,943718400,60,504.695541,826.539958,2114.993209,28.679125
900,943718400,61,705.804417,915.499375,2253.441334,28.699542
900,943718400,62,492.028375,739.410084,2105.652667,29.258292
900,943718400,63,508.831000,632.005166,2189.420292,28.792750
900,943718400,64,549.033958,638.029084,2247.316916,28.639875
900,943718400,65,541.399416,821.992042,2111.411583,28.824458
900,943718400,66,589.571458,679.439625,2162.187583,28.906125
900,943718400,67,533.405958,640.624500,2162.221750,32.159958
900,943718400,68,601.372750,821.292417,2113.191750,28.635334
900,943718400,69,506.472584,628.865375,2130.993000,29.879125
900,943718400,70,541.315250,632.375875,2140.935833,28.482292
900,943718400,71,653.057583,864.631875,2166.278834,28.471458
900,943718400,72,514.847042,649.821250,2065.134709,28.704459
900,943718400,73,502.978667,627.166041,2096.484208,28.780750
900,943718400,74,570.032709,891.718792,2116.174500,28.476750
900,943718400,75,511.430958,619.977916,2126.431542,28.740750
900,943718400,76,517.522084,611.512166,2121.238584,28.395292
900,943718400,77,517.443750,629.379083,2142.575083,28.794125
900,943718400,78,548.845959,697.740208,2097.548458,28.375417
900,943718400,79,511.002084,701.844125,2103.662375,28.971833
900,943718400,80,521.769333,628.570792,2129.237625,28.476500
900,943718400,81,600.394334,823.544458,2178.647125,28.777458
900,943718400,82,535.420083,787.822375,2108.375208,29.032000
900,943718400,83,518.200084,629.819292,2223.713000,29.477292
900,943718400,84,564.854167,710.015667,2139.050000,29.494292
900,943718400,85,524.246416,646.792250,2131.400041,28.745708
900,943718400,86,507.798375,619.688792,2124.636542,28.878041
900,943718400,87,507.763292,599.273292,2117.580833,28.853750
900,943718400,88,514.930625,686.836750,2177.782625,28.523250
900,943718400,89,528.255542,645.075500,2150.448708,28.859791
900,943718400,90,505.559000,694.897625,2127.314458,28.833500
900,943718400,91,758.940583,780.355458,2191.372916,28.946959
900,943718400,92,547.191375,611.413583,2073.938625,28.510625
900,943718400,93,531.353166,649.761833,2161.026000,28.994083
900,943718400,94,520.476583,630.299541,2164.091083,28.538167
900,943718400,95,525.086084,598.803000,2295.465500,29.302083
900,943718400,96,541.275250,624.315875,2114.307750,29.205625
900,943718400,97,507.909625,629.412500,2152.576417,29.088125
900,943718400,98,526.826292,815.541083,2610.153166,28.710917
900,943718400,99,524.477375,610.403458,2102.478916,29.236625
900,943718400,100,537.877167,606.378291,2130.933041,28.475625
1000,1048576000,1,658.022667,1381.502458,3107.840375,32.474125
1000,1048576000,2,606.241750,2386.021917,2713.412291,31.540792
1000,1048576000,3,578.352500,1164.330208,2443.788084,32.977167
1000,1048576000,4,574.235416,754.051583,2400.159292,32.643875
1000,1048576000,5,596.923542,908.332916,2460.288333,38.839458
1000,1048576000,6,677.304584,1405.669417,2596.162917,34.000791
1000,1048576000,7,630.444500,885.693250,2413.650375,32.201917
1000,1048576000,8,614.009666,831.278833,2432.644667,36.749792
1000,1048576000,9,772.618709,852.590875,2403.313000,32.255458
1000,1048576000,10,606.758333,864.893125,2406.775167,31.626084
1000,1048576000,11,721.726500,1213.336625,2685.928292,32.669250
1000,1048576000,12,680.873209,764.578292,2411.585084,36.934375
1000,1048576000,13,579.244584,700.234625,2422.870875,32.120834
1000,1048576000,14,592.006042,870.524000,2492.956917,32.832167
1000,1048576000,15,592.294583,700.209833,2412.056250,31.625916
1000,1048576000,16,575.974500,710.456208,2491.953875,67.964291
1000,1048576000,17,1285.048500,797.569000,2346.646792,33.025416
1000,1048576000,18,610.915167,736.065500,2443.239083,31.905500
1000,1048576000,19,556.667000,830.401333,2395.852750,32.228500
1000,1048576000,20,576.172458,664.143000,2512.723916,31.943458
1000,1048576000,21,1090.442167,3138.490875,2825.005250,31.856792
1000,1048576000,22,563.570333,1246.655084,3012.510167,31.933917
1000,1048576000,23,582.886334,1005.710833,2428.976750,32.067209
1000,1048576000,24,565.309750,909.757125,2445.228416,33.757291
1000,1048576000,25,636.766125,1367.058875,2479.255000,31.717917
1000,1048576000,26,627.625458,1104.836292,2558.355083,31.661125
1000,1048576000,27,588.088167,749.310042,2465.899916,32.545792
1000,1048576000,28,600.614583,784.063208,2444.017333,33.198459
1000,1048576000,29,617.106250,1930.812500,2507.754875,31.809167
1000,1048576000,30,606.314542,1231.398250,2430.045000,58.931333
1000,1048576000,31,1149.253000,1199.631000,2460.636375,31.591625
1000,1048576000,32,578.278542,727.741334,2408.768667,31.657125
1000,1048576000,33,559.549791,719.478625,2485.308125,63.031667
1000,1048576000,34,576.857458,732.289750,2412.007792,31.974667
1000,1048576000,35,603.638416,742.662459,2468.876417,34.623625
1000,1048576000,36,633.463083,757.448959,2402.675291,31.942208
1000,1048576000,37,570.091541,762.996708,2409.093666,31.635209
1000,1048576000,38,601.259916,719.161333,3057.399000,42.070625
1000,1048576000,39,602.883333,1520.235166,2477.859750,32.813625
1000,1048576000,40,579.661375,1994.347375,3005.109917,32.996875
1000,1048576000,41,637.373291,1261.540917,2461.430208,32.921000
1000,1048576000,42,590.438208,966.435708,2324.373625,31.323583
1000,1048576000,43,557.308166,814.798125,2412.446958,31.727541
1000,1048576000,44,573.302625,683.496708,2393.142750,31.690709
1000,1048576000,45,565.265583,731.676584,2407.570375,31.776541
1000,1048576000,46,598.705750,701.059042,2393.395958,31.485917
1000,1048576000,47,622.237167,1739.148042,2677.059791,32.302500
1000,1048576000,48,590.380292,1260.807958,2446.214125,31.776083
1000,1048576000,49,597.089042,681.118917,3060.213459,65.604916
1000,1048576000,50,842.365833,6788.793750,2632.544333,33.306750
1000,1048576000,51,824.507625,1742.517375,2417.159875,44.963250
1000,1048576000,52,955.776166,720.442875,2418.886291,31.638375
1000,1048576000,53,555.059458,946.181042,2465.871625,31.677834
1000,1048576000,54,595.269584,751.005083,2348.196500,31.620916
1000,1048576000,55,585.570542,1609.639083,2489.603291,32.078000
1000,1048576000,56,586.815958,2491.549375,2826.681667,31.716917
1000,1048576000,57,574.285666,1194.414583,2341.327583,31.616292
1000,1048576000,58,566.195417,770.743167,2375.779834,31.772916
1000,1048576000,59,580.233125,2005.548250,2871.812542,31.738375
1000,1048576000,60,592.800416,1138.842000,2476.842458,34.138458
1000,1048576000,61,758.057958,948.310708,2425.416083,34.196958
1000,1048576000,62,751.472917,895.140625,2350.382000,32.195500
1000,1048576000,63,563.706875,904.204333,2383.625959,32.933417
1000,1048576000,64,645.895750,2376.711625,2751.135375,40.296667
1000,1048576000,65,808.833333,2319.911834,2718.415875,31.699041
1000,1048576000,66,554.224917,1709.295917,2572.121125,33.331541
1000,1048576000,67,573.977083,1138.669209,2504.364541,33.143416
1000,1048576000,68,655.049958,1133.486333,2383.025125,32.050333
1000,1048576000,69,566.985958,807.567666,2350.836292,31.595041
1000,1048576000,70,560.625500,763.074958,2976.672167,31.862500
1000,1048576000,71,690.458584,2459.640792,2454.433125,31.576542
1000,1048576000,72,562.424458,2226.967583,3079.463959,31.631625
1000,1048576000,73,553.492250,1163.438917,2566.030167,45.652458
1000,1048576000,74,4852.356375,7373.941042,2531.084000,34.169000
1000,1048576000,75,635.243417,2737.009459,3556.536583,31.083958
1000,1048576000,76,658.496875,1891.443792,3016.477250,32.398208
1000,1048576000,77,578.375042,2390.227458,3701.186209,48.600792
1000,1048576000,78,1205.095916,4991.838250,2698.615708,32.296458
1000,1048576000,79,583.126209,1859.730458,2435.946541,33.181417
1000,1048576000,80,636.665750,2586.415166,2793.556708,36.420167
1000,1048576000,81,1058.976625,3067.771500,2622.889959,31.986292
1000,1048576000,82,1045.371333,3193.476417,2767.748583,31.721167
1000,1048576000,83,559.655625,1269.930292,3136.972792,32.023708
1000,1048576000,84,615.960458,1366.381500,2442.516500,32.457375
1000,1048576000,85,601.163750,1038.247792,2574.922875,44.941250
1000,1048576000,86,1087.328959,1943.880833,2855.633125,33.249834
1000,1048576000,87,593.321125,2552.100584,2802.192333,31.894291
1000,1048576000,88,605.579875,1301.979375,2470.448167,33.420292
1000,1048576000,89,633.446042,846.023292,2426.233709,32.235917
1000,1048576000,90,596.215667,827.329458,2537.431125,33.598542
1000,1048576000,91,687.977833,965.933542,2407.451875,32.117708
1000,1048576000,92,608.916459,906.922584,2378.056750,32.283583
1000,1048576000,93,589.718375,2016.900292,2795.288750,32.372584
1000,1048576000,94,602.149458,1275.399417,2473.977166,33.651792
1000,1048576000,95,625.418500,727.511000,2359.950833,32.100084
1000,1048576000,96,591.663125,1546.399000,2554.503042,32.163667
1000,1048576000,97,581.598917,2276.340708,2910.124291,32.797167
1000,1048576000,98,585.518125,1136.968250,2439.457417,31.981208
1000,1048576000,99,623.201417,924.315708,2480.589208,32.584458
1000,1048576000,100,642.738500,873.438417,2524.142750,33.535875
